"","overall_pick","total_games_played","total_minutes_played","total_points","total_rebounds","total_assists","mpg","ppg","rpg","apg","win_shares","ws_per_48","bpm","vorp"
"1",1,474,11593,4494,3170,691,24.5,9.5,6.7,1.5,21.8,0.09,-0.5,4.4
"2",2,917,18133,6439,2550,1185,19.8,7,2.8,1.3,34.8,0.092,-0.9,4.9
"3",3,742,24502,10544,3204,1897,33,14.2,4.3,2.6,55.7,0.109,0.2,13.5
"4",4,1000,34985,18336,4387,2097,35,18.3,4.4,2.1,88.7,0.122,0.8,24.9
"5",5,672,15370,5680,3381,639,22.9,8.5,5,1,22.5,0.07,-2.9,-3.7
"6",6,438,7406,2819,1460,387,16.9,6.4,3.3,0.9,10.9,0.071,-3.4,-2.7
"7",7,766,17429,6925,2342,1769,22.8,9,3.1,2.3,24.6,0.068,-0.8,5.3
"8",8,281,5382,2083,1366,175,19.2,7.4,4.9,0.6,1.9,0.017,-5,-4
"9",9,687,10419,3617,2243,378,15.2,5.3,3.3,0.6,14.7,0.068,-3.8,-4.7
"10",10,639,19399,7083,1807,4180,30.4,11.1,2.8,6.5,26.7,0.066,0.2,10.5
"11",11,800,24922,11529,4064,2087,31.2,14.4,5.1,2.6,55.3,0.106,1.9,24.7
"12",12,889,31026,11962,3659,5972,34.9,13.5,4.1,6.7,71.8,0.111,3,39.2
"13",13,141,1328,698,212,142,9.4,5,1.5,1,1.4,0.049,-3.6,-0.5
"14",14,867,30626,15373,2855,7095,35.3,17.7,3.3,8.2,85,0.133,3.1,39.6
"15",15,237,4240,1870,505,325,17.9,7.9,2.1,1.4,5.6,0.063,-2.5,-0.5
"16",16,850,19480,8901,1609,2837,22.9,10.5,1.9,3.3,49.6,0.122,1.7,18.1
"17",17,1051,29293,15347,8834,1704,27.9,14.6,8.4,1.6,89.5,0.147,0.6,19.4
"18",18,747,17790,7320,1321,2479,23.8,9.8,1.8,3.3,45,0.121,-0.2,8.1
"19",19,144,1167,508,170,61,8.1,3.5,1.2,0.4,-0.1,-0.005,-4.9,-0.9
"21",21,704,18409,7585,2376,1409,26.1,10.8,3.4,2,24.2,0.063,-1.6,1.9
"22",22,87,849,451,123,73,9.8,5.2,1.4,0.8,2.1,0.121,0.6,0.6
"23",23,29,194,55,32,12,6.7,1.9,1.1,0.4,-0.5,-0.122,-8.8,-0.3
"24",24,116,1499,418,428,34,12.9,3.6,3.7,0.3,1,0.033,-3.7,-0.7
"25",25,128,1879,609,161,342,14.7,4.8,1.3,2.7,0.5,0.013,-3,-0.5
"27",27,134,1795,627,327,106,13.4,4.7,2.4,0.8,3.7,0.098,-0.4,0.7
"28",28,765,21148,8425,1672,4536,27.6,11,2.2,5.9,32.9,0.075,-0.3,9.2
"30",30,89,595,171,95,30,6.7,1.9,1.1,0.3,0,-0.004,-6.2,-0.6
"31",31,143,2685,956,290,109,18.8,6.7,2,0.8,2.1,0.038,-3.2,-0.8
"33",33,4,26,7,2,4,6.5,1.8,0.5,1,0,0.022,-4,0
"34",34,31,149,44,34,2,4.8,1.4,1.1,0.1,0.1,0.029,-6.9,-0.2
"35",35,64,930,323,108,57,14.5,5,1.7,0.9,0.7,0.037,-2,0
"36",36,1380,42561,19591,6306,3094,30.8,14.2,4.6,2.2,89.7,0.101,0.5,26.6
"38",38,676,16649,6477,1670,1292,24.6,9.6,2.5,1.9,17.7,0.051,-3,-4.2
"39",39,45,374,202,108,19,8.3,4.5,2.4,0.4,0.4,0.05,-4.9,-0.3
"41",41,42,412,81,120,20,9.8,1.9,2.9,0.5,0.4,0.052,-5.3,-0.3
"43",43,694,11962,4125,2148,549,17.2,5.9,3.1,0.8,19,0.076,-2.7,-2
"45",45,50,609,213,55,89,12.2,4.3,1.1,1.8,-0.1,-0.012,-5.1,-0.5
"49",49,359,7202,1967,819,1410,20.1,5.5,2.3,3.9,10.7,0.071,-0.7,2.4
"50",50,138,1530,474,224,76,11.1,3.4,1.6,0.6,0.9,0.027,-3.7,-0.6
"51",51,36,153,72,20,11,4.3,2,0.6,0.3,-0.3,-0.106,-10.5,-0.3
"52",52,274,3350,767,248,751,12.2,2.8,0.9,2.7,1.6,0.023,-2.9,-0.8
"55",1,781,25903,12884,7232,1985,33.2,16.5,9.3,2.5,64.3,0.119,1.4,22.3
"56",2,1335,47117,21813,5269,8966,35.3,16.3,3.9,6.7,145.5,0.148,3.3,62.5
"57",3,586,15628,8553,1087,2079,26.7,14.6,1.9,3.5,25.2,0.077,-0.8,4.5
"58",4,629,17983,8094,1774,1296,28.6,12.9,2.8,2.1,33.4,0.089,0.2,9.9
"59",5,966,29481,12914,4002,2945,30.5,13.4,4.1,3,47.8,0.078,0.1,15.8
"60",6,640,12298,3354,3436,213,19.2,5.2,5.4,0.3,20.9,0.081,-4.3,-7
"61",7,454,13472,5833,2833,1498,29.7,12.8,6.2,3.3,16.9,0.06,0,6.7
"62",8,105,1336,574,162,98,12.7,5.5,1.5,0.9,0.1,0.004,-5.7,-1.2
"63",9,316,6666,3243,932,393,21.1,10.3,2.9,1.2,9.1,0.065,-2.5,-0.9
"64",10,336,6098,2546,606,1179,18.1,7.6,1.8,3.5,5.2,0.041,-1.5,0.8
"65",11,801,22388,7532,6854,647,28,9.4,8.6,0.8,56.2,0.12,-1.9,0.8
"66",12,210,2937,1084,751,81,14,5.2,3.6,0.4,2,0.033,-5.9,-2.8
"67",13,689,16993,6984,4881,652,24.7,10.1,7.1,0.9,35.8,0.101,-1.5,2.2
"68",14,115,2964,1273,233,326,25.8,11.1,2,2.8,2.4,0.039,-2.6,-0.5
"69",15,90,594,306,77,61,6.6,3.4,0.9,0.7,0.2,0.018,-3.9,-0.3
"70",16,678,16422,7175,3680,891,24.2,10.6,5.4,1.3,33.3,0.097,-0.6,5.9
"71",17,179,1902,721,452,99,10.6,4,2.5,0.6,1.7,0.043,-4.1,-1
"72",18,541,9409,2648,2273,243,17.4,4.9,4.2,0.4,15.8,0.081,-2.3,-0.7
"73",19,608,16843,6758,1569,2227,27.7,11.1,2.6,3.7,33.4,0.095,0.8,11.6
"74",20,201,3347,1553,512,298,16.7,7.7,2.5,1.5,1.8,0.025,-1.9,0.1
"75",21,475,9805,3472,3584,287,20.6,7.3,7.5,0.6,20,0.098,-2.8,-2.1
"76",22,177,2019,736,180,325,11.4,4.2,1,1.8,1.3,0.032,-3.5,-0.8
"77",23,318,7372,2199,1726,442,23.2,6.9,5.4,1.4,10.8,0.07,-2,0.1
"78",24,217,1950,587,536,93,9,2.7,2.5,0.4,1,0.024,-5,-1.5
"79",25,256,3200,1465,846,85,12.5,5.7,3.3,0.3,4.8,0.072,-3.8,-1.5
"80",26,142,1045,289,110,117,7.4,2,0.8,0.8,0.7,0.031,-3.2,-0.3
"81",27,1044,25776,10805,6116,1199,24.7,10.3,5.9,1.1,62.8,0.117,-0.5,9.5
"82",28,52,192,53,67,2,3.7,1,1.3,0,0.1,0.031,-8,-0.3
"84",30,465,8042,2481,1690,261,17.3,5.3,3.6,0.6,9,0.054,-3.7,-3.4
"85",31,276,4513,1699,351,780,16.4,6.2,1.3,2.8,4.2,0.044,-3,-1.1
"86",32,118,1182,389,123,114,10,3.3,1,1,-0.5,-0.02,-5.9,-1.2
"87",33,48,209,100,65,11,4.4,2.1,1.4,0.2,-0.1,-0.013,-6.7,-0.2
"88",34,94,1125,340,90,152,12,3.6,1,1.6,0.4,0.017,-4,-0.6
"89",35,656,7974,2538,1691,351,12.2,3.9,2.6,0.5,5.6,0.033,-5.5,-7
"90",36,103,1609,591,353,99,15.6,5.7,3.4,1,0.8,0.023,-3.4,-0.6
"91",37,151,3108,1502,315,320,20.6,9.9,2.1,2.1,1.1,0.017,-3.9,-1.5
"92",38,720,8444,2385,1266,560,11.7,3.3,1.8,0.8,16.5,0.094,-0.1,4
"93",39,174,918,331,180,26,5.3,1.9,1,0.1,2.9,0.153,-1.9,0
"94",40,852,20319,6628,1820,3313,23.8,7.8,2.1,3.9,27.4,0.065,-1.6,1.9
"95",41,33,299,73,60,44,9.1,2.2,1.8,1.3,-0.1,-0.02,-4,-0.2
"96",42,267,4568,1942,925,244,17.1,7.3,3.5,0.9,4,0.042,-2.6,-0.7
"97",43,683,12291,4238,2964,266,18,6.2,4.3,0.4,15.6,0.061,-4.5,-7.8
"98",44,238,2282,739,176,465,9.6,3.1,0.7,2,3.8,0.079,-1.8,0.1
"99",45,903,26084,9041,6755,1017,28.9,10,7.5,1.1,59.6,0.11,-1.3,4.4
"100",46,260,2918,1247,693,161,11.2,4.8,2.7,0.6,7.4,0.122,0.1,1.5
"101",47,456,8548,3088,2213,291,18.7,6.8,4.9,0.6,18.5,0.104,-2.1,-0.3
"102",48,609,14712,8693,3258,723,24.2,14.3,5.3,1.2,40.4,0.132,0.7,10.1
"105",51,457,7295,2504,735,881,16,5.5,1.6,1.9,6.7,0.044,-2,0
"108",54,220,3334,1375,402,226,15.2,6.3,1.8,1,0.4,0.006,-4.7,-2.3
"109",1,707,25685,11450,5300,2298,36.3,16.2,7.5,3.3,69.7,0.13,1.4,22
"110",2,858,25868,10789,2641,5196,30.1,12.6,3.1,6.1,62.5,0.116,1.4,21.9
"111",3,600,17619,7026,4016,1704,29.4,11.7,6.7,2.8,28.6,0.078,-0.2,7.8
"112",4,1196,36791,11729,12359,1240,30.8,9.8,10.3,1,117,0.153,1.7,33.9
"113",5,942,28855,13430,3060,2922,30.6,14.3,3.2,3.1,83.7,0.139,1.4,24.6
"114",6,296,5833,2356,1234,400,19.7,8,4.2,1.4,3,0.024,-3.6,-2.4
"115",7,567,12006,4090,2794,836,21.2,7.2,4.9,1.5,17.5,0.07,-2.6,-1.9
"116",8,251,5018,1685,467,428,20,6.7,1.9,1.7,0.1,0.001,-3.7,-2.2
"117",9,1001,21658,7990,3216,1561,21.6,8,3.2,1.6,43.8,0.097,-0.2,9.8
"118",10,413,10004,4536,2564,440,24.2,11,6.2,1.1,22.8,0.109,-0.6,3.4
"119",11,724,21545,9994,2174,4407,29.8,13.8,3,6.1,65.9,0.147,3.6,30.3
"120",12,757,15850,5497,1417,2997,20.9,7.3,1.9,4,35.9,0.109,1.3,13.3
"121",13,1094,29606,8706,8605,978,27.1,8,7.9,0.9,86.9,0.141,0.5,18.4
"122",14,72,309,135,74,21,4.3,1.9,1,0.3,0.2,0.036,-6.9,-0.4
"123",15,352,6729,1958,1584,278,19.1,5.6,4.5,0.8,0.3,0.002,-5.7,-6.4
"124",16,700,13760,7232,3741,461,19.7,10.3,5.3,0.7,32.1,0.112,-1.1,3.2
"125",17,286,5755,2542,1384,257,20.1,8.9,4.8,0.9,8.8,0.073,-2.2,-0.3
"126",18,126,1031,417,141,48,8.2,3.3,1.1,0.4,-0.1,-0.004,-5.9,-1
"127",19,183,3131,1218,271,394,17.1,6.7,1.5,2.2,1.5,0.024,-3.6,-1.2
"129",21,508,11882,5118,1261,2467,23.4,10.1,2.5,4.9,25.6,0.103,2,12.1
"131",23,300,5869,2555,1549,189,19.6,8.5,5.2,0.6,8.1,0.066,-3.4,-2
"132",24,930,23723,8966,3517,2649,25.5,9.6,3.8,2.8,44.7,0.09,0,11.7
"134",26,127,883,332,160,56,7,2.6,1.3,0.4,1,0.054,-3.3,-0.3
"135",27,584,8394,2494,1935,488,14.4,4.3,3.3,0.8,10.6,0.06,-1.8,0.3
"136",28,95,1143,310,120,108,12,3.3,1.3,1.1,0.4,0.016,-4.4,-0.7
"138",30,38,313,131,33,27,8.2,3.4,0.9,0.7,-0.2,-0.035,-5.3,-0.3
"139",31,655,11533,3148,1173,1420,17.6,4.8,1.8,2.2,11,0.046,-1.9,0.2
"141",33,249,3501,1182,809,191,14.1,4.7,3.2,0.8,1.8,0.025,-4.2,-1.9
"143",35,122,3049,1096,238,522,25,9,2,4.3,3.7,0.058,-1.9,0.1
"144",36,112,1313,416,129,243,11.7,3.7,1.2,2.2,1.6,0.058,-1.8,0.1
"145",37,549,9501,3449,742,1699,17.3,6.3,1.4,3.1,14,0.071,-0.5,3.6
"147",39,78,856,331,80,55,11,4.2,1,0.7,0.3,0.018,-4.7,-0.6
"148",40,499,7275,2253,654,1038,14.6,4.5,1.3,2.1,2.5,0.016,-3.9,-3.5
"149",41,84,671,352,85,45,8,4.2,1,0.5,-1.3,-0.095,-7,-0.8
"151",43,13,155,60,15,14,11.9,4.6,1.2,1.1,-0.5,-0.142,-7.7,-0.2
"153",45,467,13426,5153,1469,1246,28.7,11,3.1,2.7,27.2,0.097,0.2,7.5
"154",46,102,2226,1080,351,111,21.8,10.6,3.4,1.1,4.5,0.097,-0.2,1
"156",48,432,8350,3285,2030,538,19.3,7.6,4.7,1.2,9.2,0.053,-2.5,-1
"157",49,168,1946,761,153,284,11.6,4.5,0.9,1.7,1,0.024,-3.6,-0.8
"163",1,1207,41918,28596,13099,3026,34.7,23.7,10.9,2.5,181.7,0.208,5.1,75.5
"164",2,838,25975,14311,7137,946,31,17.1,8.5,1.1,89.7,0.166,2.2,27.4
"165",3,868,25760,11121,5806,2224,29.7,12.8,6.7,2.6,64.9,0.121,1,19.5
"166",4,885,29067,12690,4152,2851,32.8,14.3,4.7,3.2,35.8,0.059,-0.9,8.2
"167",5,624,17616,7410,4032,981,28.2,11.9,6.5,1.6,32.8,0.089,-1,4.6
"168",6,763,23556,9895,5589,2140,30.9,13,7.3,2.8,40.2,0.082,0.6,15.3
"169",7,708,18818,8385,2794,1637,26.6,11.8,3.9,2.3,33.9,0.087,0.5,11.8
"170",8,483,12214,5917,1649,713,25.3,12.3,3.4,1.5,17.5,0.069,-0.9,3.4
"171",9,915,27736,10483,6846,1346,30.3,11.5,7.5,1.5,58.4,0.101,-0.3,11.8
"172",10,617,10334,3107,2556,427,16.7,5,4.1,0.7,24.9,0.116,-1.3,1.7
"173",11,1107,27069,7715,5269,2343,24.5,7,4.8,2.1,66.3,0.118,1.9,26.4
"174",12,200,3748,1801,432,245,18.7,9,2.2,1.2,4.2,0.053,-3,-0.9
"175",13,586,16417,5946,1983,1178,28,10.1,3.4,2,29.5,0.086,-0.8,4.9
"176",14,493,11720,4955,1585,816,23.8,10.1,3.2,1.7,17.1,0.07,-1.2,2.2
"177",15,827,20464,8017,2136,1956,24.7,9.7,2.6,2.4,30.7,0.072,-0.7,6.6
"178",16,151,1093,356,93,257,7.2,2.4,0.6,1.7,0.6,0.026,-1.5,0.1
"179",17,827,26079,9301,3382,2992,31.5,11.2,4.1,3.6,55.7,0.102,1.1,20.7
"180",18,659,12103,5943,1649,508,18.4,9,2.5,0.8,24.1,0.096,-0.1,5.8
"181",19,319,6679,3490,1210,404,20.9,10.9,3.8,1.3,9.4,0.067,-2.5,-0.9
"182",20,685,15143,5583,1045,1172,22.1,8.2,1.5,1.7,27.7,0.088,-0.9,4.2
"183",21,821,13880,4715,1513,1784,16.9,5.7,1.8,2.2,37.2,0.129,1.8,13.4
"184",22,493,11338,3625,2893,1061,23,7.4,5.9,2.2,21.1,0.089,0.6,7.4
"185",23,496,10337,2546,642,1767,20.8,5.1,1.3,3.6,7.9,0.036,-2.9,-2.3
"186",24,913,35270,16712,3724,3664,38.6,18.3,4.1,4,56.3,0.077,0.4,21
"187",25,157,2641,923,555,109,16.8,5.9,3.5,0.7,0,0.001,-4.6,-1.7
"188",26,59,475,204,64,17,8.1,3.5,1.1,0.3,-0.3,-0.032,-8.2,-0.7
"189",27,214,2674,835,648,114,12.5,3.9,3,0.5,3.9,0.069,-3.9,-1.3
"190",28,98,1146,479,363,22,11.7,4.9,3.7,0.2,2.6,0.109,-3,-0.3
"191",29,1089,33823,9870,8409,1661,31.1,9.1,7.7,1.5,89.8,0.128,0,17.4
"192",30,749,13560,4676,2877,631,18.1,6.2,3.8,0.8,16.2,0.057,-2.9,-3.1
"193",31,66,384,99,120,5,5.8,1.5,1.8,0.1,0.4,0.051,-5.1,-0.3
"194",32,418,7007,2481,684,1236,16.8,5.9,1.6,3,12,0.082,-0.8,2.2
"195",33,39,288,92,37,29,7.4,2.4,0.9,0.7,0.2,0.037,-5.6,-0.3
"196",34,224,3956,1140,291,627,17.7,5.1,1.3,2.8,3.2,0.039,-2.3,-0.3
"197",35,152,1886,538,155,303,12.4,3.5,1,2,1.6,0.041,-2.7,-0.3
"198",36,88,781,204,59,178,8.9,2.3,0.7,2,-0.5,-0.032,-6.1,-0.8
"200",38,21,159,48,10,22,7.6,2.3,0.5,1,-0.3,-0.095,-6.9,-0.2
"201",39,148,1189,423,75,182,8,2.9,0.5,1.2,1.6,0.066,-2.4,-0.1
"203",41,535,12579,3726,3981,696,23.5,7,7.4,1.3,22,0.084,-2.7,-2.1
"204",42,552,12221,5059,3158,388,22.1,9.2,5.7,0.7,28.4,0.112,-1.8,0.6
"207",45,103,2058,693,311,116,20,6.7,3,1.1,1,0.023,-2.8,-0.4
"208",46,47,273,101,81,9,5.8,2.1,1.7,0.2,0.1,0.026,-6.3,-0.3
"210",48,68,374,131,55,22,5.5,1.9,0.8,0.3,0,0,-4.7,-0.3
"212",50,50,512,177,110,25,10.2,3.5,2.2,0.5,0.6,0.058,-3.1,-0.1
"214",52,2,12,3,3,2,6,1.5,1.5,1,0,-0.126,-8.5,0
"217",1,831,30847,17182,8124,3526,37.1,20.7,9.8,4.2,84.7,0.132,3.4,42.1
"218",2,832,19531,6752,5268,573,23.5,8.1,6.3,0.7,40.7,0.1,-0.2,8.9
"219",3,704,23711,10684,3146,3525,33.7,15.2,4.5,5,61.9,0.125,2.5,26.9
"220",4,611,22762,11644,3271,2414,37.3,19.1,5.4,4,43.7,0.092,0.3,13.4
"221",5,563,17851,9405,2166,1535,31.7,16.7,3.8,2.7,22.8,0.061,-1,4.5
"222",6,825,22007,7826,2610,1398,26.7,9.5,3.2,1.7,23.1,0.05,-2.5,-2.9
"223",7,269,4170,1032,283,880,15.5,3.8,1.1,3.3,-1.2,-0.014,-5.4,-3.5
"224",8,791,25737,11839,5867,1509,32.5,15,7.4,1.9,47,0.088,-1.2,5.3
"225",9,866,21873,9468,3881,1722,25.3,10.9,4.5,2,38.8,0.085,-0.3,9.7
"226",10,937,23253,7956,2021,2506,24.8,8.5,2.2,2.7,32.9,0.068,-0.4,9.4
"227",11,839,28311,14551,2434,1990,33.7,17.3,2.9,2.4,55.3,0.094,0.1,15
"228",12,774,17683,5109,3902,1121,22.8,6.6,5,1.4,32.3,0.088,-0.4,7.3
"229",13,402,7305,3235,588,1034,18.2,8,1.5,2.6,7.3,0.048,-2.6,-1.1
"231",15,85,838,203,153,60,9.9,2.4,1.8,0.7,0.2,0.013,-4.8,-0.6
"232",16,335,4602,1547,403,569,13.7,4.6,1.2,1.7,6.3,0.066,-2,0
"233",17,207,2530,938,219,201,12.2,4.5,1.1,1,1.3,0.025,-3.8,-1.2
"234",18,15,92,19,10,0,6.1,1.3,0.7,0,-0.1,-0.064,-12.3,-0.2
"235",19,193,2512,980,517,61,13,5.1,2.7,0.3,0.3,0.005,-5.9,-2.5
"236",20,383,7592,2647,1332,527,19.8,6.9,3.5,1.4,16.4,0.104,0.7,5.2
"237",21,381,6935,2882,660,715,18.2,7.6,1.7,1.9,5.8,0.04,-2,0
"238",22,568,17282,6357,2808,1063,30.4,11.2,4.9,1.9,37.7,0.105,-0.5,6.8
"239",23,845,16989,3473,5148,387,20.1,4.1,6.1,0.5,37.8,0.107,-1.4,2.6
"240",24,993,29812,15635,3221,5939,30,15.7,3.2,6,87.5,0.141,1.8,28.8
"241",25,644,9925,2287,2690,460,15.4,3.6,4.2,0.7,18.2,0.088,-2.5,-1.1
"243",27,22,69,32,24,1,3.1,1.5,1.1,0,0.1,0.036,-8.7,-0.1
"244",28,800,15701,5784,1864,1130,19.6,7.2,2.3,1.4,28.7,0.088,-0.9,4.5
"248",32,11,114,35,20,10,10.4,3.2,1.8,0.9,-0.4,-0.153,-8.4,-0.2
"249",33,186,1844,574,479,60,9.9,3.1,2.6,0.3,2.5,0.066,-3.8,-0.9
"250",34,40,293,76,36,18,7.3,1.9,0.9,0.5,-0.1,-0.02,-2.8,-0.1
"253",37,880,28969,12658,2545,5777,32.9,14.4,2.9,6.6,55.9,0.093,0.4,17.7
"256",40,55,512,182,94,10,9.3,3.3,1.7,0.2,-0.3,-0.028,-8.3,-0.8
"258",42,10,97,21,6,22,9.7,2.1,0.6,2.2,0,-0.015,-2.9,0
"259",43,53,382,157,89,24,7.2,3,1.7,0.5,0.5,0.06,-2.3,0
"261",45,841,19805,6663,2914,1085,23.5,7.9,3.5,1.3,47.4,0.115,0.4,11.8
"262",46,22,92,53,31,1,4.2,2.4,1.4,0,0,-0.014,-8.2,-0.1
"263",47,579,10052,3738,815,1613,17.4,6.5,1.4,2.8,21.2,0.101,-0.2,4.6
"264",48,14,58,13,13,3,4.1,0.9,0.9,0.2,0,-0.016,-8.1,-0.1
"268",52,68,705,194,176,26,10.4,2.9,2.6,0.4,1,0.067,-4.5,-0.4
"271",1,688,25346,14234,4189,1879,36.8,20.7,6.1,2.7,39.8,0.075,0.1,13.5
"272",2,1391,50111,17529,8725,12091,36,12.6,6.3,8.7,138.6,0.133,3.8,73.5
"273",3,1026,34776,17137,6169,4252,33.9,16.7,6,4.1,99.9,0.138,3,43.6
"274",4,957,25027,10716,6376,1305,26.2,11.2,6.7,1.4,59,0.113,1.1,19.9
"275",5,1208,36654,16159,7428,2663,30.3,13.4,6.1,2.2,59.4,0.078,-1.6,3.8
"276",6,203,4531,1974,1023,118,22.3,9.7,5,0.6,1.4,0.015,-4.8,-3.2
"277",7,736,18477,8286,3033,978,25.1,11.3,4.1,1.3,19.8,0.052,-1.2,4
"278",8,756,21417,7933,5622,923,28.3,10.5,7.4,1.2,54.5,0.122,-0.8,6.2
"279",9,465,8479,2071,2159,207,18.2,4.5,4.6,0.4,8.5,0.048,-4.4,-5.2
"280",10,954,32778,14155,3857,2812,34.4,14.8,4,2.9,100.6,0.147,3.1,42.3
"281",11,298,5654,2196,1272,182,19,7.4,4.3,0.6,11.1,0.095,-1,1.5
"282",12,277,5837,2167,580,886,21.1,7.8,2.1,3.2,8.4,0.069,-1.3,1
"283",13,923,27925,13220,3193,3527,30.3,14.3,3.5,3.8,47.2,0.081,-0.2,12.3
"285",15,789,14613,5919,1716,778,18.5,7.5,2.2,1,31,0.102,0.2,7.9
"286",16,173,2984,827,897,98,17.2,4.8,5.2,0.6,3.9,0.063,-3.5,-1.1
"287",17,793,19156,5871,2587,2126,24.2,7.4,3.3,2.7,40,0.1,0.7,12.9
"288",18,113,1570,440,351,57,13.9,3.9,3.1,0.5,1.1,0.034,-4.3,-0.9
"289",19,156,2222,1140,198,186,14.2,7.3,1.3,1.2,1.3,0.027,-3.3,-0.7
"290",20,55,809,195,62,174,14.7,3.5,1.1,3.2,-0.7,-0.039,-5,-0.6
"291",21,327,5201,1388,1187,305,15.9,4.2,3.6,0.9,4.7,0.044,-4.5,-3.3
"292",22,147,1614,394,290,60,11,2.7,2,0.4,1.6,0.047,-5.3,-1.3
"293",23,733,20727,8192,2402,1234,28.3,11.2,3.3,1.7,44,0.102,0.9,15.2
"294",24,456,7624,2884,1296,544,16.7,6.3,2.8,1.2,11.4,0.072,-1.8,0.3
"295",25,277,5144,1902,741,384,18.6,6.9,2.7,1.4,8.2,0.077,-1.5,0.7
"296",26,630,14080,3947,1648,2539,22.3,6.3,2.6,4,33,0.113,2.1,14.5
"297",27,168,1714,760,158,281,10.2,4.5,0.9,1.7,2,0.057,-1.5,0.2
"299",29,143,1395,329,210,50,9.8,2.3,1.5,0.3,1.7,0.057,-3.8,-0.6
"300",30,786,16013,5116,1324,2748,20.4,6.5,1.7,3.5,19.5,0.058,-1.7,1.3
"302",32,401,5927,1072,1243,105,14.8,2.7,3.1,0.3,9.4,0.076,-2.2,-0.3
"303",33,139,2657,751,525,94,19.1,5.4,3.8,0.7,2.6,0.047,-2.8,-0.5
"304",34,4,42,15,5,1,10.5,3.8,1.3,0.3,0.1,0.076,-1.2,0
"305",35,449,10552,2527,3193,661,23.5,5.6,7.1,1.5,23.4,0.107,-0.1,5.1
"307",37,114,1146,423,275,76,10.1,3.7,2.4,0.7,1.8,0.074,-2.6,-0.2
"308",38,133,1395,467,169,89,10.5,3.5,1.3,0.7,1.1,0.038,-3.3,-0.5
"309",39,181,1637,510,488,66,9,2.8,2.7,0.4,3.8,0.11,-2.6,-0.2
"315",45,41,395,167,58,18,9.6,4.1,1.4,0.4,0.2,0.025,-3.5,-0.1
"316",46,565,15349,6745,1609,1180,27.2,11.9,2.8,2.1,29.6,0.093,0,7.9
"317",47,102,1248,323,149,117,12.2,3.2,1.5,1.1,1.2,0.045,-1.5,0.2
"321",51,318,4726,2031,1142,183,14.9,6.4,3.6,0.6,12.9,0.131,-0.5,1.8
"322",52,266,4951,1667,359,737,18.6,6.3,1.3,2.8,6.4,0.062,-1.8,0.3
"325",1,1030,27022,11208,6575,1010,26.2,10.9,6.4,1,60.3,0.107,-1.5,3
"326",2,1015,28053,12227,7638,1300,27.6,12,7.5,1.3,69.8,0.119,-0.1,13.2
"327",3,970,30222,16409,3067,3240,31.2,16.9,3.2,3.3,52.4,0.083,0.3,17.4
"328",4,1109,36243,16006,7404,1994,32.7,14.4,6.7,1.8,105.1,0.139,2.2,38.3
"330",6,395,12071,4945,2745,623,30.6,12.5,6.9,1.6,13,0.052,-3.4,-4.3
"331",7,878,29106,11763,3039,5371,33.2,13.4,3.5,6.1,55.4,0.091,0.3,16.8
"332",8,172,2350,851,226,177,13.7,4.9,1.3,1,2.1,0.043,-2.3,-0.2
"333",9,128,2062,634,316,102,16.1,5,2.5,0.8,1.1,0.025,-3.5,-0.7
"334",10,1110,27160,8973,7328,1204,24.5,8.1,6.6,1.1,64.2,0.114,-0.8,8.6
"335",11,506,9866,4366,2276,504,19.5,8.6,4.5,1,23.2,0.113,-1,2.4
"336",12,472,7459,2056,1703,265,15.8,4.4,3.6,0.6,11.8,0.076,-2.4,-0.7
"337",13,822,18749,9147,3183,972,22.8,11.1,3.9,1.2,34.7,0.089,-2,-0.1
"338",14,658,15731,5642,2139,936,23.9,8.6,3.3,1.4,23.2,0.071,-2.4,-1.5
"339",15,912,23643,8488,2780,2892,25.9,9.3,3,3.2,70.5,0.143,2.6,27.7
"340",16,652,13780,5094,3249,397,21.1,7.8,5,0.6,28,0.097,-1.8,0.6
"341",17,657,15597,5654,2240,2474,23.7,8.6,3.4,3.8,28.3,0.087,0.4,9.4
"342",18,810,20500,5809,4596,465,25.3,7.2,5.7,0.6,47.9,0.112,0,10.3
"343",19,51,405,124,25,49,7.9,2.4,0.5,1,-0.2,-0.026,-5.7,-0.4
"344",20,462,9045,3368,2022,420,19.6,7.3,4.4,0.9,13.5,0.072,-3.6,-3.6
"345",21,1103,37996,17306,4804,3245,34.4,15.7,4.4,2.9,85.2,0.108,1,28.8
"346",22,135,1328,453,286,32,9.8,3.4,2.1,0.2,0.8,0.029,-7.5,-1.8
"347",23,708,15150,5376,1249,2444,21.4,7.6,1.8,3.5,30.9,0.098,-0.4,6
"348",24,140,2044,645,480,77,14.6,4.6,3.4,0.6,0.5,0.012,-7.2,-2.7
"349",25,118,1156,341,361,36,9.8,2.9,3.1,0.3,0.6,0.026,-6.4,-1.3
"350",26,28,139,90,24,5,5,3.2,0.9,0.2,0.4,0.124,-5.2,-0.1
"351",27,68,606,269,182,24,8.9,4,2.7,0.4,1.9,0.153,-0.8,0.2
"352",28,756,14753,3512,4145,443,19.5,4.6,5.5,0.6,33.8,0.11,-0.6,5.1
"353",29,307,4847,1677,481,834,15.8,5.5,1.6,2.7,3,0.03,-1.7,0.4
"354",30,66,479,130,92,21,7.3,2,1.4,0.3,0,-0.001,-4.9,-0.4
"356",32,36,405,106,44,54,11.3,2.9,1.2,1.5,-0.2,-0.021,-4,-0.2
"358",34,587,9847,2815,2488,339,16.8,4.8,4.2,0.6,19.3,0.094,-2.9,-2.4
"359",35,64,890,285,112,90,13.9,4.5,1.8,1.4,0,0.001,-4.6,-0.6
"360",36,119,1814,747,181,182,15.2,6.3,1.5,1.5,0,0.001,-2.1,0
"361",37,13,79,27,16,7,6.1,2.1,1.2,0.5,0,0.025,-4.7,-0.1
"363",39,119,919,293,121,36,7.7,2.5,1,0.3,0.9,0.045,-3.8,-0.4
"366",42,30,195,79,25,16,6.5,2.6,0.8,0.5,-0.3,-0.064,-4.9,-0.1
"367",43,846,23132,5791,2141,4245,27.3,6.8,2.5,5,43.4,0.09,-1,5.9
"371",47,226,4743,1728,393,910,21,7.6,1.7,4,6.8,0.068,-1.5,0.7
"372",48,230,3681,1261,697,294,16,5.5,3,1.3,2.3,0.03,-2.4,-0.4
"373",49,117,1305,336,123,201,11.2,2.9,1.1,1.7,0.2,0.006,-3.2,-0.4
"374",50,25,239,89,35,7,9.6,3.6,1.4,0.3,0.1,0.026,-5,-0.2
"376",52,541,9978,2944,1438,846,18.4,5.4,2.7,1.6,27.6,0.133,1.2,8
"380",56,297,4505,1988,658,294,15.2,6.7,2.2,1,3.9,0.042,-3,-1.1
"381",57,7,32,9,3,3,4.6,1.3,0.4,0.4,-0.1,-0.151,-6.3,0
"382",58,403,5374,1454,1169,143,13.3,3.6,2.9,0.4,13.7,0.123,-2.1,-0.2
"383",1,914,37584,24368,3394,5624,41.1,26.7,3.7,6.2,99,0.126,3.2,49.6
"384",2,973,28684,9262,9513,1837,29.5,9.5,9.8,1.9,81.6,0.137,2.3,31.3
"385",3,830,28882,15028,6239,2109,34.8,18.1,7.5,2.5,71.2,0.118,1,21.9
"386",4,846,31891,16297,2516,6471,37.7,19.3,3,7.6,77.5,0.117,1.8,30.7
"387",5,1300,46344,24505,5272,4361,35.6,18.9,4.1,3.4,145.1,0.15,2.9,57.6
"388",6,893,31531,15647,6891,3170,35.3,17.5,7.7,3.5,38.1,0.058,0.3,18
"389",7,778,18535,6191,4943,622,23.8,8,6.4,0.8,30.5,0.079,-2.6,-3
"390",8,507,16929,7165,1983,1295,33.4,14.1,3.9,2.6,44.8,0.127,2.2,18
"391",9,445,7612,2376,2089,252,17.1,5.3,4.7,0.6,14.2,0.089,-2.6,-1.1
"392",10,987,24003,7309,7005,817,24.3,7.4,7.1,0.8,52.7,0.105,-1.3,4.1
"393",11,225,2500,835,674,46,11.1,3.7,3,0.2,2.2,0.041,-5.7,-2.3
"394",12,610,11608,3995,2725,418,19,6.5,4.5,0.7,15.5,0.064,-4,-5.9
"397",15,1217,38069,17387,3642,10335,31.3,14.3,3,8.5,129.7,0.164,3,48.2
"398",16,545,11702,4957,1351,1024,21.5,9.1,2.5,1.9,19.5,0.08,-0.4,4.8
"400",18,381,6143,2901,1061,281,16.1,7.6,2.8,0.7,6.4,0.05,-2.7,-1
"401",19,593,10374,3056,1554,670,17.5,5.2,2.6,1.1,13.7,0.064,-1.7,0.8
"404",22,137,2309,652,483,57,16.9,4.8,3.5,0.4,1.7,0.035,-3.7,-1
"406",24,1287,32719,10713,2658,3804,25.4,8.3,2.1,3,62.3,0.091,-0.9,8.9
"408",26,587,12755,3865,3743,474,21.7,6.6,6.4,0.8,37.9,0.143,0.3,7.4
"409",27,102,1097,375,164,77,10.8,3.7,1.6,0.8,1.7,0.076,-0.8,0.3
"410",28,74,525,255,143,33,7.1,3.4,1.9,0.4,-0.8,-0.074,-7.9,-0.8
"411",29,371,4566,1276,1160,224,12.3,3.4,3.1,0.6,7.9,0.083,-3,-1.1
"412",30,709,13924,5212,3130,443,19.6,7.4,4.4,0.6,23.1,0.08,-3.4,-4.9
"413",31,114,1508,381,316,63,13.2,3.3,2.8,0.6,2.1,0.067,-3.8,-0.7
"415",33,445,7640,2272,868,1233,17.2,5.1,2,2.8,10,0.063,-1.4,1.2
"419",37,576,15927,5396,1170,2514,27.7,9.4,2,4.4,23.1,0.07,-2.1,-0.3
"420",38,35,268,76,60,7,7.7,2.2,1.7,0.2,0.2,0.031,-6.5,-0.3
"423",41,14,108,30,15,4,7.7,2.1,1.1,0.3,0,-0.014,-5.7,-0.1
"424",42,203,2684,773,282,415,13.2,3.8,1.4,2,2.3,0.041,-2.5,-0.3
"426",44,813,13404,5003,3371,684,16.5,6.2,4.1,0.8,26.5,0.095,-2.1,-0.4
"428",46,27,229,92,22,23,8.5,3.4,0.8,0.9,0.3,0.066,-2.6,0
"430",48,201,4316,911,1437,139,21.5,4.5,7.1,0.7,8.2,0.091,-2.7,-0.7
"431",49,114,968,204,213,36,8.5,1.8,1.9,0.3,0.5,0.024,-4.7,-0.7
"433",51,76,1095,350,117,104,14.4,4.6,1.5,1.4,-0.1,-0.003,-4,-0.6
"434",52,153,1634,285,261,63,10.7,1.9,1.7,0.4,1.3,0.038,-4.3,-0.9
"436",54,719,15946,5327,2252,1007,22.2,7.4,3.1,1.4,23.6,0.071,-1.3,3
"438",56,101,931,209,82,110,9.2,2.1,0.8,1.1,0.6,0.032,-2.5,-0.1
"439",57,60,598,134,67,111,10,2.2,1.1,1.9,0.6,0.051,-3.5,-0.2
"441",1,1392,47368,26496,15091,4225,34,19,10.8,3,206.4,0.209,5.6,91.1
"442",2,575,18150,9206,3909,900,31.6,16,6.8,1.6,41.7,0.11,0.1,9.6
"443",3,1043,33008,15802,2992,5636,31.6,15.2,2.9,5.4,120.8,0.176,3.2,43.5
"444",4,872,19671,6623,1613,2934,22.6,7.6,1.8,3.4,47,0.115,0,10.1
"445",5,837,17649,5082,4287,522,21.1,6.1,5.1,0.6,36.4,0.099,-1.8,0.8
"446",6,432,13418,5892,1342,921,31.1,13.6,3.1,2.1,9.4,0.034,-2.7,-2.5
"447",7,824,21336,9454,3379,1272,25.9,11.5,4.1,1.5,35.2,0.079,-0.8,6.4
"448",8,733,13060,2989,3461,344,17.8,4.1,4.7,0.5,18.7,0.069,-1.7,1.1
"450",10,440,8832,3615,3184,301,20.1,8.2,7.2,0.7,22.3,0.121,-3.2,-2.6
"451",11,236,4807,1830,776,266,20.4,7.8,3.3,1.1,3.5,0.035,-3,-1.2
"452",12,659,11480,4475,2649,627,17.4,6.8,4,1,27.6,0.115,-0.1,5.6
"453",13,615,17975,7357,1988,2083,29.2,12,3.2,3.4,43.9,0.117,1,13.5
"454",14,534,13324,5889,2452,623,25,11,4.6,1.2,9.9,0.036,-3.6,-5.3
"455",15,541,10617,2960,2874,244,19.6,5.5,5.3,0.5,28.6,0.129,-0.3,4.4
"456",16,729,18176,5342,1785,4481,24.9,7.3,2.4,6.1,32.6,0.086,0.3,10.5
"457",17,54,866,256,120,26,16,4.7,2.2,0.5,0.1,0.007,-4,-0.4
"459",19,506,8372,2222,2351,220,16.5,4.4,4.6,0.4,26.6,0.153,-0.6,2.9
"461",21,494,13752,4478,1574,1129,27.8,9.1,3.2,2.3,24.5,0.085,-0.2,6.1
"462",22,60,809,373,73,46,13.5,6.2,1.2,0.8,0.1,0.009,-4,-0.4
"463",23,755,16790,7344,2347,1945,22.2,9.7,3.1,2.6,31.4,0.09,0.4,10
"464",24,72,1234,380,88,121,17.1,5.3,1.2,1.7,-1.6,-0.064,-6.3,-1.3
"465",25,208,2253,560,432,60,10.8,2.7,2.1,0.3,3.2,0.067,-4.4,-1.4
"466",26,142,1973,729,200,124,13.9,5.1,1.4,0.9,1.5,0.036,-1.1,0.4
"467",27,776,12658,3463,1028,1919,16.3,4.5,1.3,2.5,15.4,0.058,-3.4,-4.5
"468",28,45,449,130,97,39,10,2.9,2.2,0.9,-0.8,-0.08,-6.1,-0.5
"471",31,48,399,120,67,29,8.3,2.5,1.4,0.6,0.6,0.07,-2,0
"472",32,19,92,49,16,0,4.8,2.6,0.8,0,0,0.008,-6.6,-0.1
"474",34,39,395,128,68,34,10.1,3.3,1.7,0.9,0.1,0.013,-3.5,-0.2
"476",36,23,103,59,14,3,4.5,2.6,0.6,0.1,0,0.008,-1,0
"477",37,387,7572,3238,1655,311,19.6,8.4,4.3,0.8,13,0.082,-2.7,-1.4
"478",38,54,632,275,105,36,11.7,5.1,1.9,0.7,0.3,0.02,-3.3,-0.2
"479",39,793,15552,4432,1358,2274,19.6,5.6,1.7,2.9,23.2,0.072,-1.5,2
"482",42,858,27398,12976,3328,2634,31.9,15.1,3.9,3.1,36.1,0.063,-0.4,11.2
"484",44,260,6182,1885,755,419,23.8,7.3,2.9,1.6,3.3,0.026,-2.8,-1.3
"485",45,20,146,61,7,36,7.3,3.1,0.4,1.8,-0.1,-0.049,-6.2,-0.2
"486",46,104,2300,716,216,108,22.1,6.9,2.1,1,0.1,0.002,-3.5,-0.9
"487",47,460,12610,4161,1140,1877,27.4,9,2.5,4.1,21.7,0.082,-0.4,4.9
"490",50,252,3985,1654,547,154,15.8,6.6,2.2,0.6,6.5,0.078,-2.6,-0.6
"491",51,80,740,265,56,127,9.3,3.3,0.7,1.6,0.5,0.034,-1.9,0
"494",54,605,13981,4941,2784,513,23.1,8.2,4.6,0.8,18.8,0.065,-2.7,-2.5
"499",2,1001,33962,14698,3103,5517,33.9,14.7,3.1,5.5,73.2,0.104,0.8,23.8
"500",3,563,14545,5690,3423,606,25.8,10.1,6.1,1.1,39.4,0.13,0.7,9.8
"501",4,1083,37638,20042,8157,1761,34.8,18.5,7.5,1.6,87.8,0.112,0.6,24.5
"502",5,1541,46367,25728,6606,4714,30.1,16.7,4.3,3.1,125.3,0.13,3,57.9
"503",6,438,6243,2085,1640,312,14.3,4.8,3.7,0.7,13.3,0.102,-1.6,0.7
"504",7,788,23188,8266,1810,4611,29.4,10.5,2.3,5.9,38.5,0.08,0.2,12.9
"505",8,727,22368,10242,3039,2290,30.8,14.1,4.2,3.1,32.3,0.069,-0.1,10.7
"507",10,1343,45880,26397,7527,4708,34.2,19.7,5.6,3.5,150,0.157,3.7,65.5
"508",11,591,15133,7147,2737,1249,25.6,12.1,4.6,2.1,29.4,0.093,0.2,8.3
"509",12,587,8789,2882,1955,343,15,4.9,3.3,0.6,12.7,0.07,-3.7,-3.7
"510",13,353,7971,2882,2096,322,22.6,8.2,5.9,0.9,18.2,0.11,-0.7,2.6
"511",14,212,7490,3257,609,553,35.3,15.4,2.9,2.6,9.6,0.061,-1.3,1.3
"512",15,665,17584,7645,3366,907,26.4,11.5,5.1,1.4,41.9,0.114,-0.6,6.2
"513",16,243,3970,1081,295,524,16.3,4.4,1.2,2.2,2.4,0.03,-3.1,-1.1
"516",19,552,11062,4017,1457,443,20,7.3,2.6,0.8,18.7,0.081,-1.8,0.5
"517",20,113,2130,817,308,124,18.8,7.2,2.7,1.1,0.2,0.004,-4.4,-1.3
"518",21,736,21927,9912,2550,2426,29.8,13.5,3.5,3.3,28,0.061,-0.8,6.3
"519",22,608,10910,2876,2841,288,17.9,4.7,4.7,0.5,15.8,0.07,-2.5,-1.5
"520",23,554,12564,4710,943,1727,22.7,8.5,1.7,3.1,19.7,0.075,-1.8,0.6
"521",24,249,4145,1448,604,252,16.6,5.8,2.4,1,3.1,0.036,-2.5,-0.5
"523",26,68,752,283,80,36,11.1,4.2,1.2,0.5,1.1,0.071,-3.9,-0.4
"525",28,153,2191,835,259,143,14.3,5.5,1.7,0.9,-0.9,-0.019,-4.8,-1.6
"526",29,1005,15891,5827,4708,375,15.8,5.8,4.7,0.4,34.3,0.104,-2.6,-2.2
"527",30,127,1301,401,223,62,10.2,3.2,1.8,0.5,1.4,0.051,-3.3,-0.4
"528",31,649,15955,6953,2697,1150,24.6,10.7,4.2,1.8,35.1,0.106,0.7,10.8
"531",34,325,5351,1892,518,765,16.5,5.8,1.6,2.4,8.8,0.079,-0.7,1.7
"533",36,358,4771,1540,1099,118,13.3,4.3,3.1,0.3,2.9,0.029,-4.9,-3.5
"536",39,671,19392,6799,1891,3202,28.9,10.1,2.8,4.8,32.9,0.081,0,9.6
"538",41,747,27618,11964,2902,2015,37,16,3.9,2.7,52.2,0.091,-0.1,12.9
"540",43,334,5913,1954,1944,63,17.7,5.9,5.8,0.2,10.4,0.085,-3.2,-1.8
"541",44,230,2275,638,501,50,9.9,2.8,2.2,0.2,2.6,0.055,-5,-1.7
"542",45,73,698,241,126,43,9.6,3.3,1.7,0.6,1,0.072,-3.5,-0.3
"543",46,40,304,120,67,16,7.6,3,1.7,0.4,0.7,0.114,-1.9,0
"544",47,1,3,4,0,2,3,4,0,2,0.1,1.367,51.1,0
"545",48,43,397,99,79,10,9.2,2.3,1.8,0.2,0.2,0.028,-6.7,-0.5
"546",49,42,624,171,49,66,14.9,4.1,1.2,1.6,-1.2,-0.089,-8.2,-1
"549",52,82,687,253,133,63,8.4,3.1,1.6,0.8,0.6,0.045,-2.2,0
"550",53,570,10895,2878,1593,719,19.1,5,2.8,1.3,20.9,0.092,-0.9,3
"551",54,103,1233,301,228,54,12,2.9,2.2,0.5,2.1,0.08,-2,0
"552",55,507,6502,1319,1060,250,12.8,2.6,2.1,0.5,12.4,0.092,-0.8,2
"553",56,30,331,97,47,22,11,3.2,1.6,0.7,-0.2,-0.025,-4.8,-0.2
"555",58,105,831,286,175,26,7.9,2.7,1.7,0.2,2.3,0.134,-1.2,0.2
"556",1,1058,34910,16827,9040,2184,33,15.9,8.5,2.1,109.6,0.151,2.2,37.3
"557",2,576,21632,10446,3215,3473,37.6,18.1,5.6,6,54.1,0.12,2.2,22.7
"558",3,835,28592,13447,3183,6025,34.2,16.1,3.8,7.2,63.1,0.106,2.6,33.1
"559",4,961,32131,12781,8059,3554,33.4,13.3,8.4,3.7,77,0.115,1.9,31.4
"561",6,651,20052,9195,2602,1532,30.8,14.1,4,2.4,53.3,0.127,0.7,13.6
"562",7,921,29559,15708,2852,3125,32.1,17.1,3.1,3.4,62.8,0.102,-0.2,13.2
"563",8,1304,40268,16278,4795,8524,30.9,12.5,3.7,6.5,100.8,0.12,1.3,33.4
"564",9,1163,40097,17700,10101,2198,34.5,15.2,8.7,1.9,124.9,0.15,2.7,47.6
"565",10,1410,42034,18881,3274,5415,29.8,13.4,2.3,3.8,102,0.116,1.5,37.4
"566",11,119,1738,647,159,152,14.6,5.4,1.3,1.3,2.9,0.079,-1.1,0.4
"568",13,827,23358,13198,4022,1696,28.2,16,4.9,2.1,62.2,0.128,0.3,13.3
"569",14,142,1205,379,93,199,8.5,2.7,0.7,1.4,-0.9,-0.034,-5.6,-1.1
"571",16,991,31440,13058,4448,2631,31.7,13.2,4.5,2.7,61.1,0.093,1.2,25.4
"572",17,142,1383,424,272,29,9.7,3,1.9,0.2,1.8,0.061,-3.2,-0.4
"573",18,864,23260,7419,4061,1413,26.9,8.6,4.7,1.6,51.6,0.107,0.3,13.7
"574",19,159,1853,567,210,96,11.7,3.6,1.3,0.6,0.8,0.02,-4.9,-1.4
"575",20,294,6132,2407,897,455,20.9,8.2,3.1,1.5,5.8,0.045,-1.8,0.3
"576",21,764,15750,3747,5248,703,20.6,4.9,6.9,0.9,47.5,0.145,-0.4,6.3
"577",22,632,17306,5876,4341,975,27.4,9.3,6.9,1.5,31.2,0.086,-1.3,3.1
"578",23,630,11682,3536,1975,543,18.5,5.6,3.1,0.9,18.2,0.075,-1.5,1.4
"580",25,43,261,68,46,11,6.1,1.6,1.1,0.3,0,-0.003,-7,-0.3
"581",26,199,3789,1381,373,534,19,6.9,1.9,2.7,2.2,0.028,-2.4,-0.3
"582",27,471,9780,3325,1987,408,20.8,7.1,4.2,0.9,15.1,0.074,-1.2,2.1
"583",28,448,5613,1874,1227,325,12.5,4.2,2.7,0.7,13.2,0.113,-0.4,2.3
"585",30,16,185,37,11,20,11.6,2.3,0.7,1.3,-0.1,-0.038,-7.6,-0.3
"587",32,414,5966,716,1632,250,14.4,1.7,3.9,0.6,6.8,0.055,-3.3,-2
"588",33,70,1005,224,73,167,14.4,3.2,1,2.4,0.5,0.025,-4.5,-0.6
"590",35,366,4477,1190,1010,151,12.2,3.3,2.8,0.4,8,0.086,-1.8,0.3
"592",37,143,1516,510,383,31,10.6,3.6,2.7,0.2,1.7,0.054,-5.4,-1.3
"593",38,135,1537,441,209,166,11.4,3.3,1.5,1.2,0.7,0.021,-2.1,0
"596",41,472,7207,1726,1638,260,15.3,3.7,3.5,0.6,11.7,0.078,-2.7,-1.3
"598",43,306,5820,2622,936,298,19,8.6,3.1,1,8,0.066,-2,0
"600",45,1,25,5,0,0,25,5,0,0,0,-0.022,-5.4,0
"608",53,230,4182,1472,598,179,18.2,6.4,2.6,0.8,2.9,0.033,-3.8,-1.9
"614",1,757,23134,9325,5159,1439,30.6,12.3,6.8,1.9,48,0.1,0.1,12.1
"615",2,547,10804,4582,2535,275,19.8,8.4,4.6,0.5,21.3,0.095,-1.6,1.1
"617",4,289,6032,2782,1340,352,20.9,9.6,4.6,1.2,2.7,0.022,-3.7,-2.6
"618",5,1032,27812,10973,4376,2666,26.9,10.6,4.2,2.6,60.7,0.105,0.8,19.8
"619",6,344,5930,2121,769,304,17.2,6.2,2.2,0.9,6.4,0.052,-1.6,0.6
"620",7,436,8758,3262,2302,223,20.1,7.5,5.3,0.5,13.3,0.073,-3.9,-4.3
"621",8,1327,38994,19419,2948,4541,29.4,14.6,2.2,3.4,60.7,0.075,-0.1,18.4
"622",9,592,11733,2293,3665,256,19.8,3.9,6.2,0.4,23,0.094,-1.7,0.8
"623",10,728,14134,5067,964,1601,19.4,7,1.3,2.2,18.5,0.063,-2,-0.2
"624",11,145,1392,386,395,38,9.6,2.7,2.7,0.3,2.1,0.074,-2.9,-0.3
"626",13,187,4067,1690,409,227,21.7,9,2.2,1.2,4.1,0.048,-3.7,-1.7
"627",14,167,1863,609,175,310,11.2,3.6,1,1.9,-0.8,-0.021,-5.6,-1.7
"628",15,151,2178,841,443,51,14.4,5.6,2.9,0.3,1.9,0.042,-5.4,-1.9
"630",17,643,19641,7767,2863,1049,30.5,12.1,4.5,1.6,23.1,0.056,-2.4,-2.1
"631",18,783,20785,8032,3666,1138,26.5,10.3,4.7,1.5,32.8,0.076,-0.4,8.5
"632",19,680,14621,4917,4408,386,21.5,7.2,6.5,0.6,27.7,0.091,-2.9,-3.1
"633",20,334,8548,3096,830,1441,25.6,9.3,2.5,4.3,14.2,0.08,-0.3,3.6
"634",21,711,19366,7628,2483,1090,27.2,10.7,3.5,1.5,35.7,0.089,-0.4,7.6
"635",22,205,3318,1150,827,161,16.2,5.6,4,0.8,4.7,0.069,-2.6,-0.5
"639",26,69,858,262,225,8,12.4,3.8,3.3,0.1,1.8,0.101,-4.2,-0.5
"641",28,27,266,77,21,40,9.9,2.9,0.8,1.5,0.2,0.027,-3.7,-0.1
"642",29,453,5335,975,1157,181,11.8,2.2,2.6,0.4,8.2,0.074,-4.1,-2.9
"644",31,133,1253,393,199,39,9.4,3,1.5,0.3,0.3,0.012,-4.6,-0.8
"645",32,80,1246,442,80,147,15.6,5.5,1,1.8,0.3,0.01,-2.9,-0.3
"646",33,450,6443,1814,1539,237,14.3,4,3.4,0.5,11.6,0.087,-3.8,-3
"647",34,50,936,314,81,145,18.7,6.3,1.6,2.9,0.6,0.03,-2.4,-0.1
"648",35,17,180,51,22,10,10.6,3,1.3,0.6,-0.1,-0.033,-4.2,-0.1
"650",37,717,12405,5356,1223,1112,17.3,7.5,1.7,1.6,20,0.077,0,6.1
"651",38,619,11213,3052,2307,493,18.1,4.9,3.7,0.8,24.7,0.106,-0.9,3
"652",39,61,446,195,45,13,7.3,3.2,0.7,0.2,-0.2,-0.025,-5,-0.3
"653",40,155,2360,715,442,75,15.2,4.6,2.9,0.5,0.9,0.019,-5.9,-2.3
"656",43,629,20104,11972,2411,1338,32,19,3.8,2.1,55.9,0.134,2.2,21.4
"657",44,456,6477,2108,1050,465,14.2,4.6,2.3,1,15.4,0.114,-0.1,3.2
"658",45,108,1063,329,178,66,9.8,3,1.6,0.6,1.3,0.058,-4.3,-0.6
"662",49,341,5289,1623,567,774,15.5,4.8,1.7,2.3,8.6,0.078,-1.2,1
"663",50,19,85,22,12,2,4.5,1.2,0.6,0.1,0.1,0.055,-3,0
"668",55,51,1147,440,189,61,22.5,8.6,3.7,1.2,0.2,0.008,-4.5,-0.7
"676",5,857,29241,14644,4245,2284,34.1,17.1,5,2.7,59.1,0.097,1.2,23.8
"677",6,977,30004,8408,4082,1717,30.7,8.6,4.2,1.8,75.7,0.121,1.7,28.2
"678",7,303,6729,2171,1744,236,22.2,7.2,5.8,0.8,10.9,0.078,-0.4,2.8
"680",9,218,3354,1540,485,237,15.4,7.1,2.2,1.1,1.8,0.026,-2.2,-0.1
"681",10,1277,44236,20407,5059,5001,34.6,16,4,3.9,82.9,0.09,0.4,26.5
"682",11,143,1935,509,347,103,13.5,3.6,2.4,0.7,3,0.074,-1.1,0.4
"684",13,1181,34293,14904,4720,2412,29,12.6,4,2,83,0.116,0.2,19.4
"685",14,729,19921,7860,5708,1088,27.3,10.8,7.8,1.5,50.3,0.121,0.1,10.6
"686",15,400,5993,1817,1264,79,15,4.5,3.2,0.2,10.6,0.085,-2.3,-0.5
"687",16,27,134,32,27,8,5,1.2,1,0.3,-0.5,-0.197,-13.3,-0.4
"688",17,173,2016,483,591,93,11.7,2.8,3.4,0.5,2,0.047,-4,-1
"689",18,735,14974,2621,2706,626,20.4,3.6,3.7,0.9,20.1,0.064,-3.7,-6.5
"690",19,1116,34616,18578,10208,2049,31,16.6,9.1,1.8,81.1,0.112,0.2,18.8
"691",20,816,18680,5538,4875,442,22.9,6.8,6,0.5,43.8,0.113,-1.4,2.9
"692",21,25,125,30,17,17,5,1.2,0.7,0.7,-0.4,-0.166,-8.6,-0.2
"693",22,82,1061,204,191,67,12.9,2.5,2.3,0.8,0.7,0.032,-2.5,-0.1
"694",23,108,699,239,63,24,6.5,2.2,0.6,0.2,-0.6,-0.039,-8,-1
"696",25,832,24731,9933,4838,1725,29.7,11.9,5.8,2.1,59.7,0.116,1.8,23.5
"697",26,886,21646,6814,6942,465,24.4,7.7,7.8,0.5,51.3,0.114,-1.1,4.6
"698",27,547,14443,4652,1605,3330,26.4,8.5,2.9,6.1,17.2,0.057,0,7.1
"700",30,644,16278,3741,1826,1132,25.3,5.8,2.8,1.8,13.8,0.041,-2.9,-3.7
"701",31,552,19351,11402,2168,2909,35.1,20.7,3.9,5.3,51.3,0.127,2.6,22.3
"702",32,22,213,37,13,46,9.7,1.7,0.6,2.1,-0.1,-0.021,-2.7,0
"703",33,115,1584,584,132,225,13.8,5.1,1.1,2,0,0,-3.3,-0.5
"704",34,139,1934,472,377,93,13.9,3.4,2.7,0.7,1,0.025,-2.8,-0.4
"705",35,520,6772,1594,1034,436,13,3.1,2,0.8,7.6,0.054,-2.7,-1.2
"706",36,31,270,88,43,22,8.7,2.8,1.4,0.7,-0.2,-0.038,-2.8,-0.1
"707",37,39,351,108,52,19,9,2.8,1.3,0.5,-0.7,-0.1,-8.6,-0.6
"710",40,878,19494,5593,1985,3871,22.2,6.4,2.3,4.4,19.2,0.047,-1.4,2.8
"711",41,54,468,89,50,56,8.7,1.6,0.9,1,0,-0.001,-2.4,0
"712",42,466,11513,4189,1791,710,24.7,9,3.8,1.5,20.1,0.084,-0.7,3.6
"715",45,45,550,203,94,33,12.2,4.5,2.1,0.7,1.1,0.096,-1.7,0
"716",46,215,2428,555,682,74,11.3,2.6,3.2,0.3,3.1,0.062,-2.5,-0.3
"723",53,542,8542,2095,1579,419,15.8,3.9,2.9,0.8,15.7,0.088,-3.1,-2.5
"724",54,75,1062,321,95,176,14.2,4.3,1.3,2.3,-1.1,-0.051,-4.1,-0.6
"730",2,75,1961,714,195,350,26.1,9.5,2.6,4.7,0.8,0.02,-2,0
"731",3,986,27340,11048,4211,2185,27.7,11.2,4.3,2.2,58.5,0.103,0.3,15.7
"732",4,790,20127,8653,5618,896,25.5,11,7.1,1.1,43.9,0.105,-1.2,4.3
"734",6,103,2202,964,142,195,21.4,9.4,1.4,1.9,0,0,-4.9,-1.6
"736",8,628,12474,5150,3076,455,19.9,8.2,4.9,0.7,26.9,0.103,-1.6,1.2
"738",10,881,28333,12430,4387,2007,32.2,14.1,5,2.3,50.9,0.086,-0.2,12.6
"739",11,629,13579,3003,2563,798,21.6,4.8,4.1,1.3,13.1,0.046,-2.4,-1.5
"740",12,375,6005,1992,1215,261,16,5.3,3.2,0.7,4,0.032,-4,-3.1
"741",13,89,854,311,131,16,9.6,3.5,1.5,0.2,0.5,0.026,-4.7,-0.6
"742",14,430,10299,3206,958,990,24,7.5,2.2,2.3,16.5,0.077,-1,2.6
"745",17,436,8509,3678,816,775,19.5,8.4,1.9,1.8,6.1,0.034,-2.1,-0.3
"746",18,83,1117,258,278,64,13.5,3.1,3.3,0.8,1,0.041,-3.8,-0.5
"747",19,85,772,197,189,18,9.1,2.3,2.2,0.2,-0.4,-0.027,-8.1,-1.2
"748",20,346,5956,2213,572,353,17.2,6.4,1.7,1,1.7,0.013,-3.2,-1.8
"749",21,167,2060,691,385,105,12.3,4.1,2.3,0.6,1.4,0.032,-2.7,-0.4
"750",22,287,5320,1488,516,304,18.5,5.2,1.8,1.1,6.2,0.056,-2.2,-0.3
"751",23,1017,31576,11272,4332,2406,31,11.1,4.3,2.4,63.1,0.096,0.3,18
"753",25,86,952,253,77,166,11.1,2.9,0.9,1.9,0.1,0.003,-3.2,-0.3
"754",26,895,23672,8292,2603,2183,26.4,9.3,2.9,2.4,33.9,0.069,-0.9,6.7
"755",27,72,861,281,88,29,12,3.9,1.2,0.4,-0.5,-0.03,-5.5,-0.8
"756",28,300,4617,1745,405,752,15.4,5.8,1.4,2.5,5.9,0.061,-1.5,0.6
"758",31,518,9147,3289,897,677,17.7,6.3,1.7,1.3,13,0.068,-1.4,1.4
"760",33,59,1381,406,162,130,23.4,6.9,2.7,2.2,1,0.035,-2.4,-0.1
"761",34,527,7793,2465,2326,196,14.8,4.7,4.4,0.4,15.8,0.097,-2.3,-0.7
"762",35,861,26901,13976,8192,1928,31.2,16.2,9.5,2.2,80.3,0.143,1.4,23.1
"765",38,9,35,11,7,5,3.9,1.2,0.8,0.6,0,-0.011,-1.4,0
"769",42,487,11077,4817,1006,1096,22.7,9.9,2.1,2.3,8.5,0.037,-2.2,-0.5
"771",44,162,1884,637,477,40,11.6,3.9,2.9,0.2,2.9,0.075,-4.6,-1.2
"773",46,929,21967,7589,4281,1691,23.6,8.2,4.6,1.8,42.8,0.093,-0.1,10.7
"774",47,72,631,142,242,26,8.8,2,3.4,0.4,1.4,0.106,-2.3,-0.1
"777",50,495,9229,3415,1689,589,18.6,6.9,3.4,1.2,15.9,0.083,-2.1,-0.2
"780",53,809,17219,6092,1934,658,21.3,7.5,2.4,0.8,20.8,0.058,-1.4,2.6
"781",54,66,517,173,70,31,7.8,2.6,1.1,0.5,-0.3,-0.029,-5.7,-0.5
"788",3,1260,43514,28289,7808,3422,34.5,22.5,6.2,2.7,108.5,0.12,1.3,36.7
"789",4,893,31936,17189,7592,1795,35.8,19.2,8.5,2,106,0.159,1.9,31.1
"790",5,1054,35773,23165,4933,5701,33.9,22,4.7,5.4,120.7,0.162,5,62.8
"791",6,735,19642,8208,5582,921,26.7,11.2,7.6,1.3,24.6,0.06,-1.9,0.4
"792",7,879,27015,9594,2576,4245,30.7,10.9,2.9,4.8,52.5,0.093,0,13.3
"793",8,429,11882,4797,1331,2495,27.7,11.2,3.1,5.8,16.9,0.068,-0.4,4.6
"794",9,233,3610,1516,1045,145,15.5,6.5,4.5,0.6,7.8,0.103,-2.7,-0.6
"795",10,427,9898,3553,1330,459,23.2,8.3,3.1,1.1,10.2,0.049,-2.5,-1.3
"797",12,910,18603,5359,4701,939,20.4,5.9,5.2,1,44.5,0.115,-1.3,3.1
"798",13,348,5571,2061,519,728,16,5.9,1.5,2.1,6.6,0.057,-2,-0.1
"799",14,830,21623,7740,1877,3713,26.1,9.3,2.3,4.5,36,0.08,-0.6,7.5
"800",15,71,605,123,53,50,8.5,1.7,0.7,0.7,-0.6,-0.049,-6.1,-0.6
"801",16,6,34,11,4,4,5.7,1.8,0.7,0.7,-0.2,-0.326,-19.6,-0.2
"803",18,1034,29144,14034,6590,2273,28.2,13.6,6.4,2.2,85.9,0.141,1.7,27.6
"805",20,624,9799,3353,1082,529,15.7,5.4,1.7,0.8,9.9,0.048,-3.7,-4.1
"809",24,421,5649,2312,1115,252,13.4,5.5,2.6,0.6,10.2,0.086,-1.6,0.5
"814",29,507,15350,7270,2886,817,30.3,14.3,5.7,1.6,38,0.119,0.6,10
"816",31,509,9068,3398,844,417,17.8,6.7,1.7,0.8,10.3,0.055,-2.6,-1.3
"817",32,564,9685,2649,1588,1317,17.2,4.7,2.8,2.3,13.5,0.067,-1,2.5
"822",37,41,507,123,70,19,12.4,3,1.7,0.5,0.2,0.019,-6.2,-0.5
"823",38,870,20823,5662,1816,3446,23.9,6.5,2.1,4,29.1,0.067,-1.2,4.2
"826",41,731,14783,6059,1303,1018,20.2,8.3,1.8,1.4,12.9,0.042,-2.7,-2.7
"828",43,671,14527,4257,1817,866,21.6,6.3,2.7,1.3,20.4,0.068,-1.5,1.9
"830",45,792,13356,4632,2371,552,16.9,5.8,3,0.7,38.5,0.138,1,10.1
"832",47,818,23872,10759,2264,3990,29.2,13.2,2.8,4.9,40,0.08,-0.3,10
"834",49,709,11098,3717,1276,366,15.7,5.2,1.8,0.5,25.2,0.109,-0.1,5.4
"836",51,1232,31183,11953,3643,2114,25.3,9.7,3,1.7,73.4,0.113,0.6,20.7
"841",56,67,630,220,187,22,9.4,3.3,2.8,0.3,0.7,0.055,-3.7,-0.3
"845",2,616,19055,7370,5967,520,30.9,12,9.7,0.8,45.3,0.114,-0.6,6.8
"846",3,744,20366,11084,1851,1868,27.4,14.9,2.5,2.5,33.3,0.078,-0.3,8.7
"848",5,985,23963,10597,2151,3869,24.3,10.8,2.2,3.9,54.9,0.11,0.6,15.5
"849",6,391,10432,3548,1850,609,26.7,9.1,4.7,1.6,25.7,0.118,0.8,7.4
"850",7,902,30941,13361,5468,2042,34.3,14.8,6.1,2.3,74,0.115,0.9,22.9
"851",8,139,1585,389,395,41,11.4,2.8,2.8,0.3,-0.4,-0.013,-7.2,-2.1
"852",9,1223,39394,13951,6030,5128,32.2,11.4,4.9,4.2,100.3,0.122,2.2,41.3
"853",10,73,724,252,89,58,9.9,3.5,1.2,0.8,0.2,0.01,-3.7,-0.3
"857",14,800,14232,5350,4314,556,17.8,6.7,5.4,0.7,30.3,0.102,-1.7,1.2
"859",16,211,3540,1333,491,241,16.8,6.3,2.3,1.1,4.5,0.061,-1.2,0.7
"863",20,878,24539,9940,2595,4508,27.9,11.3,3,5.1,48.3,0.094,-0.1,11.6
"867",24,432,11842,4198,1265,1540,27.4,9.7,2.9,3.6,24.5,0.099,0.9,8.7
"868",25,820,18055,6654,2884,1077,22,8.1,3.5,1.3,38.7,0.103,0.3,10.4
"869",26,714,21559,12396,2278,1352,30.2,17.4,3.2,1.9,61.3,0.137,1,16.1
"874",31,87,1111,285,261,51,12.8,3.3,3,0.6,0,0.001,-5.1,-0.9
"876",33,36,433,111,31,51,12,3.1,0.9,1.4,-0.2,-0.025,-5.3,-0.4
"877",34,61,560,165,66,48,9.2,2.7,1.1,0.8,0.5,0.043,-3.2,-0.2
"878",35,14,73,20,8,1,5.2,1.4,0.6,0.1,0.1,0.04,-5.5,-0.1
"879",36,81,789,186,49,104,9.7,2.3,0.6,1.3,0.1,0.004,-5,-0.6
"880",37,492,6162,1641,557,501,12.5,3.3,1.1,1,4.5,0.035,-3.8,-2.7
"881",38,606,15526,3946,1364,2690,25.6,6.5,2.3,4.4,25,0.077,-1.2,3.2
"883",40,136,1436,472,186,68,10.6,3.5,1.4,0.5,0.5,0.016,-5.9,-1.4
"886",43,1118,32953,11593,5356,2379,29.5,10.4,4.8,2.1,64.3,0.094,0.6,21.8
"888",45,128,1909,576,315,126,14.9,4.5,2.5,1,2,0.049,-2,0
"896",53,42,588,133,85,27,14,3.2,2,0.6,-0.6,-0.047,-6,-0.6
"898",55,16,77,35,3,11,4.8,2.2,0.2,0.7,0,-0.02,-4.8,0
"903",1,706,19862,6808,6112,1546,28.1,9.6,8.7,2.2,50.6,0.122,1.2,16
"904",2,1072,30159,10965,5546,1373,28.1,10.2,5.2,1.3,65.1,0.104,-0.4,12.3
"905",3,845,28865,13804,2619,6819,34.2,16.3,3.1,8.1,77.3,0.129,1.9,28.3
"906",4,1155,39896,20936,5206,10977,34.5,18.1,4.5,9.5,198.9,0.239,7.3,93.7
"907",5,971,28829,10853,2867,5096,29.7,11.2,3,5.2,40.2,0.067,-0.6,10.1
"909",7,656,13578,6808,3019,549,20.7,10.4,4.6,0.8,22.6,0.08,-0.6,4.7
"910",8,890,19772,7786,4002,864,22.2,8.7,4.5,1,38.9,0.094,-0.4,8
"911",9,225,2795,1348,689,69,12.4,6,3.1,0.3,6.5,0.112,-3,-0.7
"915",13,119,1868,821,481,115,15.7,6.9,4,1,2.6,0.068,-1.7,0.2
"916",14,249,5037,2479,506,331,20.2,10,2,1.3,3.6,0.035,-1.7,0.4
"917",15,297,5714,1614,681,295,19.2,5.4,2.3,1,3.1,0.026,-3.7,-2.4
"918",16,377,6117,2239,1058,207,16.2,5.9,2.8,0.5,7.8,0.061,-3.6,-2.4
"919",17,586,18487,9855,2888,1097,31.5,16.8,4.9,1.9,48.5,0.126,1.8,17.7
"921",19,526,10624,4947,2117,400,20.2,9.4,4,0.8,20.4,0.092,-1.9,0.4
"923",21,618,13878,6807,1446,1826,22.5,11,2.3,3,27.8,0.096,0.5,8.6
"924",22,867,24140,9349,2487,3952,27.8,10.8,2.9,4.6,36.8,0.073,-0.9,6.5
"925",23,549,11853,4323,1400,747,21.6,7.9,2.6,1.4,18.2,0.074,-0.1,5.7
"926",24,348,7797,2842,845,747,22.4,8.2,2.4,2.1,14.7,0.09,0.1,4.2
"928",26,618,11379,3481,2576,266,18.4,5.6,4.2,0.4,20.3,0.086,-2.5,-1.4
"929",27,409,8185,3561,1470,321,20,8.7,3.6,0.8,13.6,0.08,-2.3,-0.7
"932",30,829,24293,11232,7320,1825,29.3,13.5,8.8,2.2,76,0.15,1.1,19.2
"933",31,157,2672,1260,214,164,17,8,1.4,1,2.2,0.04,-2.9,-0.6
"934",32,127,1683,431,158,174,13.3,3.4,1.2,1.4,0.8,0.024,-3,-0.4
"935",33,758,16410,6575,3448,608,21.6,8.7,4.5,0.8,42.8,0.125,-0.8,5.1
"939",37,473,8020,2209,1757,618,17,4.7,3.7,1.3,19.2,0.115,0.3,4.7
"940",38,179,2660,854,243,432,14.9,4.8,1.4,2.4,5.6,0.102,-0.4,1.1
"941",39,200,2475,1054,234,146,12.4,5.3,1.2,0.7,3.3,0.064,-1.8,0.1
"949",47,26,325,129,39,20,12.5,5,1.5,0.8,0.5,0.068,-1.6,0
"952",50,487,13463,4926,2239,712,27.6,10.1,4.6,1.5,19.4,0.069,-1.6,1.4
"955",53,131,1555,326,195,155,11.9,2.5,1.5,1.2,-0.7,-0.022,-4.6,-1
"956",54,16,93,45,19,3,5.8,2.8,1.2,0.2,0.2,0.102,-0.5,0
"957",55,87,1150,334,310,35,13.2,3.8,3.6,0.4,2.5,0.106,-1.9,0
"962",60,30,234,81,29,16,7.8,2.7,1,0.5,-0.2,-0.043,-5.3,-0.2
"964",2,1076,36242,20558,8736,2076,33.7,19.1,8.1,1.9,115.7,0.153,1.7,33.4
"965",3,161,3278,1200,342,222,20.4,7.5,2.1,1.4,-1.4,-0.021,-5,-2.4
"966",4,402,7932,3093,1938,347,19.7,7.7,4.8,0.9,13,0.078,-1.2,1.7
"967",5,361,5586,1618,1562,163,15.5,4.5,4.3,0.5,9.9,0.085,-3,-1.5
"968",6,326,11561,6136,1388,1517,35.5,18.8,4.3,4.7,37.4,0.155,3.6,16.3
"969",7,752,19279,7729,1686,2112,25.6,10.3,2.2,2.8,23.5,0.058,-1.2,3.8
"970",8,1064,33745,17349,6120,2223,31.7,16.3,5.8,2.1,60.7,0.086,0.7,22.8
"971",9,90,524,186,127,25,5.8,2.1,1.4,0.3,0.5,0.046,-4.6,-0.3
"973",11,940,23964,12028,1903,1862,25.5,12.8,2,2,63.7,0.128,0.6,16
"974",12,292,3378,880,766,102,11.6,3,2.6,0.3,3.9,0.055,-4.1,-1.8
"976",14,502,11539,3940,1427,828,23,7.8,2.8,1.6,30.4,0.127,1.6,10.6
"978",16,299,4600,1778,588,132,15.4,5.9,2,0.4,6.2,0.064,-1.6,0.5
"979",17,314,5368,1769,945,220,17.1,5.6,3,0.7,6.7,0.06,-2.2,-0.3
"981",19,143,1535,588,152,93,10.7,4.1,1.1,0.7,0,0,-3.5,-0.6
"982",20,221,3064,894,769,132,13.9,4,3.5,0.6,7.2,0.113,0.1,1.6
"983",21,957,28570,9337,4349,7584,29.9,9.8,4.5,7.9,61.8,0.104,1.2,23.2
"984",22,203,3095,1128,361,574,15.2,5.6,1.8,2.8,0,-0.001,-3.3,-1
"986",24,1023,32613,15116,4475,6469,31.9,14.8,4.4,6.3,104.6,0.154,3.1,41.8
"987",25,408,7329,3118,760,458,18,7.6,1.9,1.1,9.2,0.06,-1.5,1
"988",26,504,9840,3888,958,1453,19.5,7.7,1.9,2.9,13.9,0.068,-0.5,3.7
"990",28,82,505,169,46,19,6.2,2.1,0.6,0.2,-0.9,-0.089,-9.4,-0.9
"991",29,189,2771,742,336,327,14.7,3.9,1.8,1.7,-1.6,-0.027,-4.4,-1.7
"993",31,67,583,182,68,35,8.7,2.7,1,0.5,0.8,0.062,-3.2,-0.2
"994",32,467,5657,2177,591,132,12.1,4.7,1.3,0.3,14.5,0.123,0.8,4
"995",33,281,3092,839,654,99,11,3,2.3,0.4,5,0.078,-4,-1.6
"996",34,82,702,217,158,32,8.6,2.6,1.9,0.4,0.5,0.035,-4.2,-0.4
"997",35,777,22529,5536,4390,1149,29,7.1,5.6,1.5,40,0.085,-0.7,7.2
"998",36,403,6826,3080,1567,322,16.9,7.6,3.9,0.8,16,0.113,-1.2,1.4
"999",37,91,867,288,149,44,9.5,3.2,1.6,0.5,1.1,0.06,-4.1,-0.5
"1001",39,68,792,184,123,65,11.6,2.7,1.8,1,0.4,0.024,-3.1,-0.2
"1004",42,397,9316,3115,792,775,23.5,7.8,2,2,16,0.082,-1,2.4
"1008",46,68,711,140,69,119,10.5,2.1,1,1.8,0.1,0.008,-3,-0.2
"1009",47,1085,30499,14536,7673,2378,28.1,13.4,7.1,2.2,95.4,0.15,1.9,29.9
"1011",49,239,3320,1484,911,78,13.9,6.2,3.8,0.3,12,0.174,-1.6,0.3
"1012",50,518,6134,1913,1140,151,11.8,3.7,2.2,0.3,10.4,0.081,-4.1,-3.2
"1014",52,6,18,5,2,1,3,0.8,0.3,0.2,0,0.033,-2.9,0
"1016",54,73,547,185,84,14,7.5,2.5,1.2,0.2,0.8,0.072,-2.3,0
"1022",60,14,166,25,15,17,11.9,1.8,1.1,1.2,-0.1,-0.032,-5.8,-0.2
"1024",2,939,34509,25526,6646,4032,36.8,27.2,7.1,4.3,155.2,0.216,6.8,76.4
"1025",3,950,30597,12989,7771,3144,32.2,13.7,8.2,3.3,100.3,0.157,2.9,37.9
"1026",4,958,30619,14221,2872,5407,32,14.8,3,5.6,86.8,0.136,2.5,34.8
"1027",5,1051,30463,13295,4502,1625,29,12.6,4.3,1.5,50.3,0.079,-1.4,4.8
"1029",7,819,18771,7097,2287,1250,22.9,8.7,2.8,1.5,22.5,0.058,-1.6,2
"1030",8,428,6949,2976,1560,199,16.2,7,3.6,0.5,26.2,0.181,2.3,7.5
"1031",9,672,18646,5881,6058,1907,27.7,8.8,9,2.8,61.9,0.159,2.5,20.9
"1032",10,684,15541,5932,3893,1271,22.7,8.7,5.7,1.9,22.6,0.07,-1.1,3.4
"1033",11,188,2385,725,195,309,12.7,3.9,1,1.6,1.6,0.032,-3.9,-1.1
"1034",12,1085,31778,13848,6345,2003,29.3,12.8,5.8,1.8,68.9,0.104,0.5,20
"1035",13,231,3049,907,531,182,13.2,3.9,2.3,0.8,3.9,0.061,-0.5,1.2
"1036",14,296,8274,3527,1233,353,28,11.9,4.2,1.2,6.1,0.035,-3.5,-3.2
"1037",15,651,17890,8185,1912,2333,27.5,12.6,2.9,3.6,28.7,0.077,-0.9,4.9
"1038",16,720,16419,8194,1427,687,22.8,11.4,2,1,18.6,0.054,-2.2,-0.8
"1039",17,137,1978,581,472,47,14.4,4.2,3.4,0.3,3,0.073,-3.1,-0.6
"1041",19,113,1853,595,276,201,16.4,5.3,2.4,1.8,0.1,0.002,-4.2,-1
"1042",20,616,10029,3777,2075,453,16.3,6.1,3.4,0.7,14.1,0.067,-2.9,-2.4
"1043",21,328,5993,2114,703,243,18.3,6.4,2.1,0.7,4.9,0.039,-2.7,-1.1
"1044",22,904,20117,6633,2849,1394,22.3,7.3,3.2,1.5,43,0.103,0.2,11
"1045",23,676,20287,8463,3574,1205,30,12.5,5.3,1.8,29,0.069,-1.3,3.5
"1047",25,38,361,119,46,12,9.5,3.1,1.2,0.3,0,0.005,-6.1,-0.4
"1048",26,645,13439,6259,1079,1925,20.8,9.7,1.7,3,19.2,0.069,-1.2,2.7
"1049",27,762,20829,8198,2176,1386,27.3,10.8,2.9,1.8,33.5,0.077,-1.5,2.4
"1051",29,51,426,211,49,16,8.4,4.1,1,0.3,0.4,0.045,-4.5,-0.3
"1053",31,513,11524,5541,2533,355,22.5,10.8,4.9,0.7,35.9,0.149,-0.3,5
"1054",32,62,461,125,51,52,7.4,2,0.8,0.8,0.4,0.043,-2.8,-0.1
"1056",34,26,269,107,89,11,10.3,4.1,3.4,0.4,0.8,0.148,0.5,0.2
"1057",35,514,10865,4111,2236,457,21.1,8,4.4,0.9,18.6,0.082,-2.6,-1.7
"1059",37,433,8271,2333,1686,901,19.1,5.4,3.9,2.1,18.5,0.107,0.3,4.7
"1064",42,2,37,10,11,1,18.5,5,5.5,0.5,0.1,0.147,-4.7,0
"1069",47,342,5348,939,1169,422,15.6,2.7,3.4,1.2,4.1,0.037,-2.1,-0.1
"1071",49,318,3851,1066,1190,207,12.1,3.4,3.7,0.7,6.2,0.077,-3.6,-1.5
"1074",52,17,74,27,10,11,4.4,1.6,0.6,0.6,-0.1,-0.066,-7.5,-0.1
"1075",53,18,58,22,7,2,3.2,1.2,0.4,0.1,-0.2,-0.203,-10.3,-0.1
"1078",56,691,16119,7141,1840,2807,23.3,10.3,2.7,4.1,28.8,0.086,-0.7,5.2
"1081",59,33,270,73,28,30,8.2,2.2,0.8,0.9,-0.2,-0.031,-5.6,-0.2
"1083",1,672,21317,12230,2239,3646,31.7,18.2,3.3,5.4,44.2,0.1,1.4,18.5
"1084",2,609,13903,7568,2861,788,22.8,12.4,4.7,1.3,15.6,0.054,-1.7,0.9
"1085",3,547,16919,7574,1706,1607,30.9,13.8,3.1,2.9,21.8,0.062,-0.9,4.7
"1086",4,1021,35426,23298,7541,8611,34.7,22.8,7.4,8.4,106.5,0.144,4.3,55.8
"1087",5,812,25090,14305,8666,1920,30.9,17.6,10.7,2.4,88.6,0.17,3.4,34
"1089",7,749,24257,12263,1811,2121,32.4,16.4,2.4,2.8,36.3,0.072,-0.6,8.7
"1090",8,67,745,282,120,44,11.1,4.2,1.8,0.7,0.5,0.03,-3.6,-0.3
"1091",9,976,22851,9259,1805,3761,23.4,9.5,1.8,3.9,47.7,0.1,-0.7,7.6
"1092",10,868,26192,14247,5407,1246,30.2,16.4,6.2,1.4,71.5,0.131,1.3,21.7
"1093",11,586,12486,4909,1235,1674,21.3,8.4,2.1,2.9,18.6,0.072,-1.6,1.1
"1094",12,588,14819,5210,3880,635,25.2,8.9,6.6,1.1,23.8,0.077,-2.6,-2.4
"1095",13,481,10564,3250,1413,468,22,6.8,2.9,1,11.2,0.051,-1.4,1.6
"1096",14,252,3841,1789,1078,187,15.2,7.1,4.3,0.7,5.8,0.072,-1.6,0.4
"1097",15,939,20573,8196,4604,796,21.9,8.7,4.9,0.8,49,0.114,-1.1,4.7
"1098",16,705,10640,5592,2875,461,15.1,7.9,4.1,0.7,25.8,0.116,-2.2,-0.6
"1099",17,662,16389,6611,4173,885,24.8,10,6.3,1.3,35.9,0.105,-1.1,3.5
"1100",18,821,13982,6536,4344,358,17,8,5.3,0.4,42.4,0.146,0.1,7.4
"1101",19,534,11925,5081,3639,449,22.3,9.5,6.8,0.8,21.9,0.088,-1.8,0.5
"1103",21,649,16769,8001,3413,586,25.8,12.3,5.3,0.9,46.7,0.134,1,12.8
"1104",22,811,21938,7765,2127,1353,27.1,9.6,2.6,1.7,39.3,0.086,-0.6,7.9
"1105",23,686,11271,3913,3452,359,16.4,5.7,5,0.5,28.3,0.12,-1.3,2
"1108",26,869,23667,9313,2646,2697,27.2,10.7,3,3.1,69.1,0.14,1.2,19.3
"1109",27,503,8945,3282,1768,409,17.8,6.5,3.5,0.8,12.3,0.066,-2.2,-0.4
"1110",28,253,4259,1541,600,183,16.8,6.1,2.4,0.7,1.5,0.017,-2.8,-0.9
"1111",29,138,2111,810,437,80,15.3,5.9,3.2,0.6,3.8,0.087,-2.1,0
"1112",30,38,247,73,54,13,6.5,1.9,1.4,0.3,0.1,0.027,-4.3,-0.1
"1114",32,8,20,8,3,0,2.5,1,0.4,0,-0.1,-0.131,-10.1,0
"1115",33,130,1488,344,513,55,11.4,2.6,3.9,0.4,2.9,0.092,-2.7,-0.3
"1116",34,646,17245,5743,1585,2412,26.7,8.9,2.5,3.7,32.3,0.09,-0.6,5.9
"1117",35,980,26194,8933,10142,932,26.7,9.1,10.3,1,94.4,0.173,1.3,21.9
"1119",37,689,16038,4380,2800,588,23.3,6.4,4.1,0.9,26,0.078,-1.5,2
"1120",38,73,1379,363,158,119,18.9,5,2.2,1.6,1.5,0.051,-1.1,0.3
"1121",39,183,3335,1189,402,257,18.2,6.5,2.2,1.4,0,0.001,-4.2,-1.8
"1122",40,222,4381,1571,472,254,19.7,7.1,2.1,1.1,5.4,0.059,-2.2,-0.2
"1124",42,37,303,90,35,29,8.2,2.4,0.9,0.8,0,0.006,-5.1,-0.2
"1125",43,7,19,3,2,2,2.7,0.4,0.3,0.3,-0.1,-0.158,-9.1,0
"1129",47,181,3016,1079,401,153,16.7,6,2.2,0.8,5,0.079,-1.8,0.2
"1130",48,62,472,149,77,29,7.6,2.4,1.2,0.5,0.8,0.086,-2,0
"1134",52,138,1039,308,203,26,7.5,2.2,1.5,0.2,1.3,0.059,-5.2,-0.8
"1137",55,51,771,289,87,106,15.1,5.7,1.7,2.1,-0.4,-0.028,-5.2,-0.6
"1140",58,2,23,9,4,1,11.5,4.5,2,0.5,0,0.037,-2.7,0
"1143",1,724,23815,14343,5954,2994,32.9,19.8,8.2,4.1,79.3,0.16,3.4,32.5
"1145",3,942,32617,23477,5294,6397,34.6,24.9,5.6,6.8,149.6,0.22,6.8,72
"1146",4,594,18242,9347,2720,2852,30.7,15.7,4.6,4.8,28.4,0.075,0.8,13.1
"1148",6,163,3738,1504,307,634,22.9,9.2,1.9,3.9,-1.1,-0.015,-4,-1.9
"1149",7,826,28361,20064,3838,5388,34.3,24.3,4.6,6.5,120.2,0.203,6.5,60.9
"1150",8,409,7692,3232,2389,322,18.8,7.9,5.8,0.8,16.4,0.102,-2,0
"1151",9,957,32789,19869,4227,3729,34.3,20.8,4.4,3.9,83.7,0.123,0.7,22.6
"1153",11,153,2922,1085,545,364,19.1,7.1,3.6,2.4,-0.2,-0.004,-2.8,-0.6
"1154",12,535,13854,5987,1716,1009,25.9,11.2,3.2,1.9,18.3,0.063,-1.8,0.6
"1155",13,428,7233,2881,1808,181,16.9,6.7,4.2,0.4,20.2,0.134,-2,0
"1156",14,261,3630,1138,778,134,13.9,4.4,3,0.5,2.9,0.038,-2.8,-0.8
"1157",15,293,4132,1522,764,212,14.1,5.2,2.6,0.7,4.5,0.053,-2,0
"1158",16,747,15315,5763,2676,1583,20.5,7.7,3.6,2.1,27.5,0.086,0.5,9.5
"1159",17,839,27817,13586,3361,5373,33.2,16.2,4,6.4,56.4,0.097,1.5,24.6
"1160",18,551,16088,6977,1506,3316,29.2,12.7,2.7,6,42.1,0.126,1.4,13.6
"1161",19,826,22164,10061,1989,4585,26.8,12.2,2.4,5.6,52.4,0.113,0.6,14.3
"1162",20,267,3896,1141,348,760,14.6,4.3,1.3,2.8,3.3,0.041,-2.9,-0.8
"1163",21,711,20833,8861,1889,3545,29.3,12.5,2.7,5,49.9,0.115,0.5,13.4
"1166",24,189,3446,1398,790,153,18.2,7.4,4.2,0.8,0.6,0.008,-4,-1.8
"1168",26,896,21976,8088,5477,880,24.5,9,6.1,1,58.9,0.129,-0.7,7.1
"1169",27,578,13675,5150,2454,726,23.7,8.9,4.2,1.3,29.5,0.104,0,6.7
"1170",28,770,16100,6190,1643,852,20.9,8,2.1,1.1,21.1,0.063,-1.5,2.2
"1171",29,394,7511,3009,875,889,19.1,7.6,2.2,2.3,12.1,0.077,-0.8,2.2
"1173",31,237,2322,690,632,99,9.8,2.9,2.7,0.4,6.3,0.131,-2.3,-0.2
"1174",32,65,786,351,108,48,12.1,5.4,1.7,0.7,0.2,0.014,-3.7,-0.3
"1175",33,715,14875,4133,2676,506,20.8,5.8,3.7,0.7,24.9,0.08,-1.7,1.1
"1177",35,83,820,278,82,29,9.9,3.3,1,0.3,-0.1,-0.008,-5.8,-0.8
"1178",36,249,3966,1436,573,180,15.9,5.8,2.3,0.7,5.2,0.063,-2.1,-0.1
"1179",37,424,7054,2865,2153,349,16.6,6.8,5.1,0.8,19,0.129,-1.2,1.4
"1180",38,150,1570,320,472,49,10.5,2.1,3.1,0.3,3.7,0.113,-3.9,-0.8
"1182",40,171,2554,895,413,119,14.9,5.2,2.4,0.7,4.5,0.085,-1.3,0.4
"1183",41,539,12110,4988,1120,583,22.5,9.3,2.1,1.1,24.3,0.096,-0.6,4.2
"1184",42,526,14411,4654,2243,1839,27.4,8.8,4.3,3.5,34.5,0.115,1.1,11.4
"1185",43,483,11299,5750,1348,677,23.4,11.9,2.8,1.4,20,0.085,0.2,6.2
"1186",44,407,7998,3198,1240,473,19.7,7.9,3,1.2,13.9,0.083,-0.5,2.9
"1187",45,129,2011,590,243,353,15.6,4.6,1.9,2.7,2.6,0.063,-0.5,0.8
"1188",46,819,20743,7143,2811,1270,25.3,8.7,3.4,1.6,49.1,0.114,1.9,20.2
"1190",48,8,32,10,2,1,4,1.3,0.3,0.1,0,-0.039,-8.1,-0.1
"1194",52,261,3929,1523,377,567,15.1,5.8,1.4,2.2,4.7,0.058,-1.3,0.7
"1197",55,820,17013,7520,1390,1894,20.7,9.2,1.7,2.3,35.3,0.1,0.1,9
"1200",58,57,594,268,77,71,10.4,4.7,1.4,1.2,0.2,0.016,-2.1,0
"1203",1,613,21833,11702,2612,5557,35.6,19.1,4.3,9.1,44.1,0.097,2.4,24
"1204",2,705,18938,6824,3278,2462,26.9,9.7,4.6,3.5,20.2,0.051,-1.9,0.5
"1205",3,790,19202,8354,5608,851,24.3,10.6,7.1,1.1,60.2,0.15,0.9,14
"1206",4,609,13472,4235,1924,645,22.1,7,3.2,1.1,10.7,0.038,-1.6,1.2
"1207",5,654,19509,12802,6664,1979,29.8,19.6,10.2,3,46.8,0.115,2.4,21.6
"1208",6,384,5694,1353,1100,260,14.8,3.5,2.9,0.7,10.4,0.088,-1.4,0.8
"1209",7,646,17670,8402,5293,1376,27.4,13,8.2,2.1,50.4,0.137,1.4,15.3
"1210",8,711,17698,5350,4280,879,24.9,7.5,6,1.2,27.6,0.075,-0.6,6.5
"1211",9,734,22832,11454,3302,2576,31.1,15.6,4.5,3.5,60.1,0.126,2,22.8
"1212",10,737,24741,15029,4735,2641,33.6,20.4,6.4,3.6,76.6,0.149,4.1,38
"1214",12,185,2905,1050,351,120,15.7,5.7,1.9,0.6,0.8,0.013,-4.4,-1.7
"1215",13,722,13756,4291,4616,539,19.1,5.9,6.4,0.7,43.3,0.151,-0.2,6.2
"1216",14,719,14923,4782,2799,736,20.8,6.7,3.9,1,31.9,0.102,0,7.4
"1217",15,238,4635,1520,1345,174,19.5,6.4,5.7,0.7,10.3,0.107,-1.1,1.1
"1218",16,381,5332,1818,846,224,14,4.8,2.2,0.6,7.2,0.065,-2.1,-0.1
"1220",18,756,21021,10348,2937,3545,27.8,13.7,3.9,4.7,46.1,0.105,1.6,18.8
"1221",19,660,18151,7279,1863,1105,27.5,11,2.8,1.7,17.2,0.045,-2.4,-1.8
"1222",20,247,4320,1422,560,291,17.5,5.8,2.3,1.2,3.3,0.037,-2.7,-0.8
"1223",21,17,121,30,19,9,7.1,1.8,1.1,0.5,-0.2,-0.089,-9.9,-0.2
"1224",22,109,1470,537,161,94,13.5,4.9,1.5,0.9,0.7,0.024,-4.9,-1.1
"1225",23,532,10872,3679,2932,566,20.4,6.9,5.5,1.1,26.2,0.116,-0.5,4.2
"1226",24,39,623,150,131,26,16,3.8,3.4,0.7,0,-0.001,-3.7,-0.3
"1227",25,80,741,246,114,144,9.3,3.1,1.4,1.8,0.3,0.017,-2.4,-0.1
"1228",26,355,5530,1609,640,263,15.6,4.5,1.8,0.7,9.7,0.084,-1.8,0.3
"1229",27,281,6843,3432,703,883,24.4,12.2,2.5,3.1,6.3,0.044,-1.3,1.3
"1230",28,401,9520,3591,1021,1935,23.7,9,2.5,4.8,12.6,0.064,-1.2,1.8
"1231",29,51,542,143,126,24,10.6,2.8,2.5,0.5,1,0.093,-3.5,-0.2
"1232",30,72,591,207,90,35,8.2,2.9,1.3,0.5,0.2,0.02,-4.2,-0.3
"1235",33,511,12645,6450,5523,327,24.7,12.6,10.8,0.6,52,0.197,2.5,14.5
"1236",34,47,401,157,49,56,8.5,3.3,1,1.2,-0.1,-0.015,-4.1,-0.2
"1240",38,5,24,8,1,3,4.8,1.6,0.2,0.6,-0.2,-0.314,-13.2,-0.1
"1241",39,255,6010,1731,1092,419,23.6,6.8,4.3,1.6,10.5,0.084,-0.3,2.6
"1242",40,554,12680,4738,2251,1621,22.9,8.6,4.1,2.9,17.5,0.066,-1.3,2.3
"1245",43,63,711,224,122,24,11.3,3.6,1.9,0.4,0.5,0.035,-4.8,-0.5
"1254",52,70,871,253,196,36,12.4,3.6,2.8,0.5,0.9,0.048,-3.5,-0.3
"1256",54,19,134,37,12,27,7.1,1.9,0.6,1.4,0.2,0.065,-2.7,0
"1257",55,250,2626,879,641,107,10.5,3.5,2.6,0.4,8.2,0.15,0.9,1.9
"1263",1,611,20804,14089,2339,3503,34,23.1,3.8,5.7,72,0.166,4.5,34.2
"1264",2,428,8864,3809,1693,293,20.7,8.9,4,0.7,14.1,0.076,-1.6,0.8
"1266",4,730,19556,6592,6120,725,26.8,9,8.4,1,47.6,0.117,-1.7,1.4
"1270",8,451,13202,6301,1385,1777,29.3,14,3.1,3.9,11.6,0.042,-1.6,1.4
"1271",9,741,24666,14414,2815,3919,33.3,19.5,3.8,5.3,59.6,0.116,2.8,29.8
"1272",10,241,3213,1438,243,331,13.3,6,1,1.4,2.2,0.033,-2.5,-0.4
"1273",11,647,21281,12647,2255,1504,32.9,19.5,3.5,2.3,48.5,0.11,0.8,14.9
"1274",12,625,14379,6649,2210,1264,23,10.6,3.5,2,26,0.087,-0.5,5.3
"1275",13,715,17724,7822,3714,1153,24.8,10.9,5.2,1.6,27.1,0.073,-1.4,2.8
"1276",14,718,19451,8921,3298,1085,27.1,12.4,4.6,1.5,36.4,0.09,-0.5,7.1
"1277",15,576,18025,11085,3689,1672,31.3,19.2,6.4,2.9,83.3,0.222,6.9,40.4
"1278",16,741,22869,12553,7731,2037,30.9,16.9,10.4,2.7,58.9,0.124,2.2,24.3
"1279",17,461,11470,3320,1534,845,24.9,7.2,3.3,1.8,12.9,0.054,-1.7,0.9
"1280",18,148,2605,612,472,92,17.6,4.1,3.2,0.6,2.3,0.042,-3.2,-0.8
"1281",19,753,23618,12313,4660,1728,31.4,16.4,6.2,2.3,58.4,0.119,1.1,18.3
"1283",21,84,829,277,83,97,9.9,3.3,1,1.2,-0.8,-0.047,-6,-0.8
"1284",22,478,11728,5430,3884,470,24.5,11.4,8.1,1,38.8,0.159,0.5,7.5
"1286",24,703,18001,9183,2122,3020,25.6,13.1,3,4.3,33.5,0.089,0,9.1
"1287",25,200,3456,1592,424,282,17.3,8,2.1,1.4,3.3,0.046,-1.6,0.4
"1288",26,151,2100,890,429,127,13.9,5.9,2.8,0.8,3,0.069,-0.1,1
"1290",28,360,8018,2506,702,981,22.3,7,2,2.7,3,0.018,-4.1,-4.1
"1291",29,728,16161,5161,1884,2186,22.2,7.1,2.6,3,28.7,0.085,-1.1,3.9
"1292",30,690,22864,12222,3658,2836,33.1,17.7,5.3,4.1,93.6,0.196,4.7,38.3
"1294",32,22,150,45,18,4,6.8,2,0.8,0.2,-0.3,-0.093,-8.7,-0.2
"1295",33,356,7794,2326,1026,272,21.9,6.5,2.9,0.8,10,0.062,-2.5,-0.9
"1296",34,456,8392,2997,894,1421,18.4,6.6,2,3.1,10.3,0.059,-1.9,0.1
"1297",35,24,120,28,24,9,5,1.2,1,0.4,-0.1,-0.049,-5.1,-0.1
"1299",37,24,119,57,24,3,5,2.4,1,0.1,0,0.004,-5.7,-0.1
"1300",38,440,13246,5571,1972,1201,30.1,12.7,4.5,2.7,28.9,0.105,1.1,10.2
"1302",40,377,5945,2395,1426,301,15.8,6.4,3.8,0.8,13.2,0.107,-0.7,2
"1303",41,132,1464,430,126,189,11.1,3.3,1,1.4,-0.3,-0.01,-5.1,-1.2
"1305",43,36,534,140,65,51,14.8,3.9,1.8,1.4,0.4,0.04,-2.5,-0.1
"1306",44,110,1334,408,100,214,12.1,3.7,0.9,1.9,0.5,0.017,-4.5,-0.8
"1307",45,75,888,265,227,26,11.8,3.5,3,0.3,2.1,0.116,-0.4,0.4
"1308",46,49,475,197,34,24,9.7,4,0.7,0.5,0,0.003,-5,-0.3
"1311",49,38,296,83,20,34,7.8,2.2,0.5,0.9,-0.7,-0.113,-9.5,-0.6
"1312",50,388,6905,1847,1843,384,17.8,4.8,4.8,1,13.8,0.096,-2.1,-0.1
"1315",53,177,1907,346,252,122,10.8,2,1.4,0.7,1.6,0.04,-2.2,-0.1
"1317",55,598,12564,4743,1208,1055,21,7.9,2,1.8,14.8,0.057,-1.9,0.2
"1322",60,550,15563,9715,1321,2638,28.3,17.7,2.4,4.8,45.3,0.14,2.1,16.1
"1323",1,604,20805,14390,6163,1414,34.4,23.8,10.2,2.3,91.3,0.211,6,42.1
"1324",2,446,10978,3750,2420,515,24.6,8.4,5.4,1.2,21,0.092,-1.8,0.6
"1325",3,645,22418,14231,2641,2701,34.8,22.1,4.1,4.2,48.8,0.104,1.7,21
"1326",4,419,11835,5505,1108,1163,28.2,13.1,2.6,2.8,8.8,0.036,-2.1,-0.4
"1327",5,313,4204,1528,1507,190,13.4,4.9,4.8,0.6,4.6,0.053,-3.5,-1.6
"1328",6,711,25835,17510,2976,4726,36.3,24.6,4.2,6.6,94.1,0.175,4.7,43.7
"1329",7,747,23763,10566,3817,1376,31.8,14.1,5.1,1.8,44.8,0.091,-0.8,7.1
"1330",8,670,16626,7525,1907,841,24.8,11.2,2.8,1.3,23.4,0.068,-0.9,4.5
"1331",9,718,21269,9938,9519,1003,29.6,13.8,13.3,1.4,67.7,0.153,1.3,17.7
"1332",10,655,15842,5741,1359,1438,24.2,8.8,2.1,2.2,13.9,0.042,-3.1,-4.2
"1333",11,447,7158,2502,1737,395,16,5.6,3.9,0.9,15.5,0.104,-1.4,1.1
"1334",12,573,11896,5805,2073,904,20.8,10.1,3.6,1.6,26.8,0.108,0.6,7.9
"1335",13,160,3083,802,253,779,19.3,5,1.6,4.9,1,0.015,-3.5,-1.1
"1336",14,445,8752,3383,2368,496,19.7,7.6,5.3,1.1,20.7,0.113,-0.5,3.4
"1337",15,621,14019,4259,2198,572,22.6,6.9,3.5,0.9,23,0.079,-0.8,4.1
"1339",17,414,7254,2873,1820,367,17.5,6.9,4.4,0.9,17.1,0.113,-2,0
"1340",18,234,5562,2431,1334,238,23.8,10.4,5.7,1,14.7,0.127,0.5,3.6
"1341",19,285,4080,1700,857,126,14.3,6,3,0.4,3.8,0.045,-3.6,-1.6
"1343",21,269,6532,2893,2006,477,24.3,10.8,7.5,1.8,15.3,0.113,-0.4,2.7
"1345",23,171,2183,855,250,138,12.8,5,1.5,0.8,3,0.065,-1.9,0.1
"1346",24,84,605,197,56,39,7.2,2.3,0.7,0.5,0.2,0.017,-5.7,-0.6
"1347",25,145,3076,1604,363,437,21.2,11.1,2.5,3,-1.3,-0.021,-3.4,-1.1
"1350",28,143,1675,488,252,54,11.7,3.4,1.8,0.4,1.7,0.048,-3.5,-0.6
"1351",29,91,909,217,90,134,10,2.4,1,1.5,-0.9,-0.045,-6.5,-1
"1353",31,132,2566,807,263,107,19.4,6.1,2,0.8,1.3,0.024,-4.2,-1.5
"1355",33,92,761,203,212,13,8.3,2.2,2.3,0.1,1.9,0.117,-1.8,0
"1356",34,735,18562,7056,3141,1182,25.3,9.6,4.3,1.6,40.2,0.104,0.3,10.9
"1357",35,685,19512,5960,4751,3733,28.5,8.7,6.9,5.4,52.7,0.13,2.7,23.1
"1358",36,103,1112,329,180,69,10.8,3.2,1.7,0.7,1.4,0.059,-2.4,-0.1
"1359",37,337,5392,1642,1179,217,16,4.9,3.5,0.6,8.7,0.078,-2,-0.1
"1360",38,69,934,295,169,37,13.5,4.3,2.4,0.5,-0.1,-0.003,-3.9,-0.5
"1361",39,651,20692,11136,3166,2461,31.8,17.1,4.9,3.8,50.6,0.117,0.7,14.3
"1362",40,623,16123,7246,2655,1705,25.9,11.6,4.3,2.7,26,0.077,-0.3,7.1
"1363",41,61,491,174,33,57,8,2.9,0.5,0.9,-0.9,-0.088,-8.1,-0.8
"1364",42,100,1272,345,95,75,12.7,3.5,1,0.8,0.1,0.005,-5.8,-1.2
"1365",43,555,9182,3736,1727,499,16.5,6.7,3.1,0.9,16.8,0.088,-1.7,0.6
"1366",44,41,407,119,37,26,9.9,2.9,0.9,0.6,0.2,0.021,-4.2,-0.2
"1367",45,113,1961,687,403,91,17.4,6.1,3.6,0.8,3.7,0.091,-0.9,0.5
"1368",46,271,5358,1597,447,367,19.8,5.9,1.6,1.4,6.5,0.059,-2.3,-0.4
"1371",49,472,6714,2568,2166,643,14.2,5.4,4.6,1.4,17.8,0.128,0.9,5
"1373",51,10,54,9,7,1,5.4,0.9,0.7,0.1,-0.1,-0.127,-9.9,-0.1
"1377",55,7,21,0,6,2,3,0,0.9,0.3,-0.3,-0.597,-25.5,-0.1
"1380",58,98,1397,379,266,50,14.3,3.9,2.7,0.5,1.9,0.066,-3.1,-0.4
"1382",60,189,2745,787,593,126,14.5,4.2,3.1,0.7,2.4,0.042,-4,-1.4
"1383",1,151,1905,658,472,77,12.6,4.4,3.1,0.5,0.5,0.013,-4.8,-1.3
"1384",2,462,15141,8054,2117,1824,32.8,17.4,4.6,3.9,25.1,0.08,0.9,11
"1385",3,504,13080,5336,2551,767,26,10.6,5.1,1.5,36,0.132,1.8,12.5
"1386",4,494,10973,4202,2949,691,22.2,8.5,6,1.4,32.1,0.14,-0.6,4
"1387",5,570,10769,4371,3341,489,18.9,7.7,5.9,0.9,21.6,0.096,-1.9,0.2
"1388",6,450,10086,3303,2789,491,22.4,7.3,6.2,1.1,28.3,0.134,0.9,7.5
"1389",7,556,12534,5015,1269,563,22.5,9,2.3,1,9,0.035,-3.1,-3.4
"1390",8,683,19974,7911,2148,1150,29.2,11.6,3.1,1.7,34.6,0.083,-0.8,6
"1391",9,498,10401,4792,878,1522,20.9,9.6,1.8,3.1,12.9,0.06,-1.3,1.7
"1392",10,590,18624,11341,2041,2044,31.6,19.2,3.5,3.5,40.3,0.104,1.3,15.7
"1393",11,391,9898,4023,1713,1701,25.3,10.3,4.4,4.4,6.6,0.032,-1.2,1.9
"1394",12,664,17811,6157,5303,982,26.8,9.3,8,1.5,56,0.151,0.5,11.3
"1395",13,610,13408,6146,3087,1248,22,10.1,5.1,2,35.3,0.126,0.9,9.8
"1396",14,278,4772,2504,770,151,17.2,9,2.8,0.5,8.5,0.085,-2,0
"1400",18,256,4880,1399,490,737,19.1,5.5,1.9,2.9,4.4,0.044,-2.4,-0.6
"1402",20,601,13093,3672,1371,669,21.8,6.1,2.3,1.1,18.5,0.068,-2,-0.1
"1403",21,597,12267,4470,3427,784,20.5,7.5,5.7,1.3,30.7,0.12,0.4,7.3
"1404",22,661,14769,5484,4378,1611,22.3,8.3,6.6,2.4,44.2,0.144,1.3,12.2
"1405",23,448,9652,2453,1399,662,21.5,5.5,3.1,1.5,11.9,0.059,-2.1,-0.3
"1406",24,586,15837,8149,1650,1095,27,13.9,2.8,1.9,25.8,0.078,-0.8,4.8
"1407",25,434,9775,3382,1095,524,22.5,7.8,2.5,1.2,18.1,0.089,-0.8,3
"1408",26,307,6801,1382,1230,265,22.2,4.5,4,0.9,12.6,0.089,-0.6,2.3
"1411",29,165,2396,1040,331,206,14.5,6.3,2,1.2,1.1,0.022,-3,-0.6
"1413",31,381,9125,3453,1073,434,24,9.1,2.8,1.1,13.7,0.072,-1.6,0.9
"1415",33,7,38,19,6,4,5.4,2.7,0.9,0.6,0,0.057,-3.4,0
"1416",34,235,4799,1913,438,454,20.4,8.1,1.9,1.9,4.3,0.043,-2.4,-0.5
"1417",35,16,152,43,24,9,9.5,2.7,1.5,0.6,-0.2,-0.065,-6.6,-0.2
"1418",36,154,2808,920,306,368,18.2,6,2,2.4,2.1,0.035,-2.6,-0.4
"1419",37,21,79,22,26,2,3.8,1,1.2,0.1,0.2,0.151,0.4,0
"1420",38,84,1575,461,185,209,18.8,5.5,2.2,2.5,0.9,0.028,-2.6,-0.2
"1421",39,206,2072,666,518,64,10.1,3.2,2.5,0.3,6.8,0.157,0.5,1.3
"1422",40,8,51,16,9,3,6.4,2,1.1,0.4,-0.1,-0.128,-10.8,-0.1
"1423",41,24,174,42,25,9,7.3,1.8,1,0.4,0,-0.006,-5.9,-0.2
"1424",42,8,84,35,9,19,10.5,4.4,1.1,2.4,0,0.021,-4.4,-0.1
"1425",43,28,277,109,38,21,9.9,3.9,1.4,0.8,-0.6,-0.096,-7.6,-0.4
"1426",44,432,6694,2666,1371,378,15.5,6.2,3.2,0.9,16.6,0.119,0.2,3.8
"1428",46,52,452,159,37,42,8.7,3.1,0.7,0.8,0.1,0.011,-4,-0.2
"1430",48,163,3125,981,504,215,19.2,6,3.1,1.3,3,0.046,-2.6,-0.5
"1432",50,395,8022,2629,1306,373,20.3,6.7,3.3,0.9,16.2,0.097,-1.5,0.9
"1434",52,103,1185,293,151,183,11.5,2.8,1.5,1.8,-0.2,-0.007,-3.5,-0.5
"1438",56,24,224,54,14,34,9.3,2.3,0.6,1.4,-0.2,-0.032,-6.4,-0.2
"1443",1,598,20935,11519,2649,1393,35,19.3,4.4,2.3,24,0.055,-1.5,2.6
"1444",2,310,8535,4380,1703,610,27.5,14.1,5.5,2,13.8,0.078,-0.8,2.5
"1445",3,328,10240,8535,3732,1080,31.2,26,11.4,3.3,43.7,0.205,5.9,20.4
"1446",4,528,15277,6887,3310,1313,28.9,13,6.3,2.5,28.8,0.09,-0.1,7.3
"1448",6,520,15484,5438,1867,2318,29.8,10.5,3.6,4.5,29.5,0.092,-0.2,7.2
"1449",7,518,16145,9191,4814,1842,31.2,17.7,9.3,3.6,31.4,0.093,0.4,9.7
"1450",8,343,6701,2290,691,515,19.5,6.7,2,1.5,3.9,0.028,-3,-1.7
"1451",9,339,5683,1660,1742,257,16.8,4.9,5.1,0.8,9.2,0.078,-2.4,-0.6
"1452",10,500,13383,5036,2007,2868,26.8,10.1,4,5.7,15.8,0.057,-0.9,3.7
"1453",11,527,11012,4846,1236,496,20.9,9.2,2.3,0.9,19.2,0.084,-1.9,0.4
"1455",13,478,15219,9466,1876,1860,31.8,19.8,3.9,3.9,23.7,0.075,0.5,9.5
"1456",14,332,9553,5142,1372,397,28.8,15.5,4.1,1.2,19.6,0.099,-0.2,4.2
"1457",15,107,1403,429,315,66,13.1,4,2.9,0.6,-0.6,-0.019,-5.9,-1.4
"1459",17,95,812,219,96,28,8.5,2.3,1,0.3,0.8,0.046,-3.4,-0.3
"1460",18,186,2336,779,250,359,12.6,4.2,1.3,1.9,1.3,0.026,-3.4,-0.8
"1461",19,468,13473,5526,1162,965,28.8,11.8,2.5,2.1,20.8,0.074,-1.4,2.1
"1463",21,52,557,227,183,17,10.7,4.4,3.5,0.3,1.3,0.108,-2.6,-0.1
"1464",22,32,263,101,30,19,8.2,3.2,0.9,0.6,0.4,0.07,1.7,0.2
"1465",23,448,10977,4656,1160,736,24.5,10.4,2.6,1.6,17.4,0.076,-1.2,2.2
"1466",24,345,5986,2433,657,849,17.4,7.1,1.9,2.5,8.1,0.065,-0.7,2
"1468",26,111,2000,664,266,59,18,6,2.4,0.5,0.9,0.021,-3.9,-1
"1470",28,66,376,132,31,30,5.7,2,0.5,0.5,0.1,0.007,-4.3,-0.2
"1471",29,76,1068,187,180,23,14.1,2.5,2.4,0.3,0.7,0.03,-3.5,-0.4
"1472",30,505,10583,3366,2220,1167,21,6.7,4.4,2.3,27,0.122,1.7,10
"1474",32,148,2092,782,324,95,14.1,5.3,2.2,0.6,1.3,0.03,-2.8,-0.4
"1475",33,414,10601,4584,1344,679,25.6,11.1,3.2,1.6,20.5,0.093,-0.5,3.9
"1476",34,56,801,241,123,42,14.3,4.3,2.2,0.8,-0.6,-0.039,-5.9,-0.8
"1478",36,147,1684,509,352,69,11.5,3.5,2.4,0.5,0.2,0.006,-6.2,-1.8
"1480",38,387,10206,5042,1167,1933,26.4,13,3,5,22.5,0.106,0.3,6
"1481",39,555,14454,6329,2189,747,26,11.4,3.9,1.3,28.1,0.093,-0.4,5.7
"1482",40,304,5299,1804,776,238,17.4,5.9,2.6,0.8,7.9,0.071,-1.7,0.4
"1484",42,28,262,74,39,11,9.4,2.6,1.4,0.4,-0.1,-0.02,-6.5,-0.3
"1486",44,113,1794,584,234,132,15.9,5.2,2.1,1.2,1.1,0.029,-2.9,-0.4
"1487",45,511,9720,3926,2349,524,19,7.7,4.6,1,38,0.188,1.3,8
"1488",46,600,16191,9216,1971,1526,27,15.4,3.3,2.5,21.7,0.064,-0.5,6.2
"1489",47,27,131,53,15,19,4.9,2,0.6,0.7,-0.2,-0.068,-5.1,-0.1
"1490",48,40,435,93,57,45,10.9,2.3,1.4,1.1,0.1,0.006,-5.7,-0.4
"1491",49,36,167,44,36,7,4.6,1.2,1,0.2,-0.1,-0.021,-8.1,-0.3
"1497",55,64,973,183,87,130,15.2,2.9,1.4,2,0.1,0.006,-5.1,-0.8
"1498",56,44,457,97,69,29,10.4,2.2,1.6,0.7,-0.3,-0.028,-5.5,-0.4
"1500",58,123,1696,846,225,167,13.8,6.9,1.8,1.4,1.7,0.048,-2.1,0
"1502",60,58,581,205,161,16,10,3.5,2.8,0.3,0.9,0.071,-3.3,-0.2
"1503",1,482,16472,11170,5465,1486,34.2,23.2,11.3,3.1,66.1,0.193,4.8,28.3
"1504",2,424,12477,7504,1503,2370,29.4,17.7,3.5,5.6,14.4,0.055,0.5,8
"1505",3,247,4827,2566,1169,225,19.5,10.4,4.7,0.9,7.2,0.071,-2,0
"1508",6,422,9276,3675,2470,598,22,8.7,5.9,1.4,23.3,0.121,-0.1,4.4
"1510",8,419,8410,2632,1309,612,20.1,6.3,3.1,1.5,6.2,0.035,-2.8,-1.7
"1511",9,377,7925,3541,1527,619,21,9.4,4.1,1.6,15.2,0.092,-0.3,3.4
"1512",10,315,8129,2633,1615,791,25.8,8.4,5.1,2.5,7.8,0.046,-2.1,-0.2
"1513",11,431,12379,5485,2879,513,28.7,12.7,6.7,1.2,32.8,0.127,0.6,8.2
"1514",12,449,8217,3503,1953,477,18.3,7.8,4.3,1.1,14.5,0.085,-1,2
"1515",13,477,16072,11217,1865,2228,33.7,23.5,3.9,4.7,29.9,0.089,0.5,10.2
"1516",14,279,4994,2132,624,905,17.9,7.6,2.2,3.2,8.2,0.079,-0.4,2
"1517",15,479,12061,5769,2074,484,25.2,12,4.3,1,17.6,0.07,-1.8,0.5
"1518",16,477,12438,6039,1866,1509,26.1,12.7,3.9,3.2,24,0.093,0.6,8.2
"1519",17,139,1671,423,158,75,12,3,1.1,0.5,-0.6,-0.017,-4.7,-1.2
"1520",18,201,3097,1094,607,160,15.4,5.4,3,0.8,5.4,0.083,-1.4,0.5
"1521",19,279,4998,1692,530,805,17.9,6.1,1.9,2.9,8.3,0.08,-1.6,0.5
"1522",20,411,8577,2952,1318,1246,20.9,7.2,3.2,3,22.8,0.128,2.1,8.9
"1523",21,242,3280,1284,621,184,13.6,5.3,2.6,0.8,4.9,0.072,-1.5,0.4
"1524",22,453,9837,5021,2995,537,21.7,11.1,6.6,1.2,21.1,0.103,-0.6,3.5
"1525",23,305,6759,2760,1684,579,22.2,9,5.5,1.9,12.9,0.091,-0.7,2.3
"1526",24,455,8377,2807,799,1691,18.4,6.2,1.8,3.7,19.3,0.111,0.4,5.1
"1527",25,184,2927,998,639,114,15.9,5.4,3.5,0.6,3.2,0.053,-4.3,-1.7
"1529",27,396,9527,3210,2577,747,24.1,8.1,6.5,1.9,24.4,0.123,1,7.3
"1530",28,45,395,133,46,19,8.8,3,1,0.4,0.4,0.051,-2,0
"1531",29,59,532,194,112,15,9,3.3,1.9,0.3,0.6,0.054,-2.5,-0.1
"1532",30,367,6014,1721,1750,498,16.4,4.7,4.8,1.4,20.4,0.163,-0.2,2.7
"1534",32,458,9864,5900,2429,642,21.5,12.9,5.3,1.4,40.7,0.198,2.9,12.1
"1535",33,64,482,152,128,17,7.5,2.4,2,0.3,0.5,0.05,-4.8,-0.3
"1536",34,41,762,161,103,28,18.6,3.9,2.5,0.7,-0.2,-0.016,-5.1,-0.6
"1539",37,376,7923,3605,2167,403,21.1,9.6,5.8,1.1,26.6,0.161,0.4,4.8
"1540",38,91,859,295,85,71,9.4,3.2,0.9,0.8,0.3,0.016,-4.7,-0.6
"1542",40,438,13032,5270,1377,1172,29.8,12,3.1,2.7,23.8,0.088,-0.4,5.2
"1543",41,417,7717,2469,1392,521,18.5,5.9,3.3,1.2,18.1,0.112,0,3.9
"1545",43,127,1077,429,130,119,8.5,3.4,1,0.9,0.4,0.016,-4.1,-0.6
"1546",44,145,2987,1012,287,399,20.6,7,2,2.8,3.2,0.051,-2.8,-0.6
"1548",46,421,9423,4776,1088,625,22.4,11.3,2.6,1.5,19.5,0.099,-0.1,4.4
"1563",1,275,9326,4382,2217,2127,33.9,15.9,8.1,7.7,30.4,0.156,3.7,13.5
"1564",2,368,12080,6812,1896,1412,32.8,18.5,5.2,3.8,18.7,0.074,-0.3,5.2
"1565",3,403,11559,6644,1994,822,28.7,16.5,4.9,2,24.5,0.102,0.1,6.1
"1567",5,245,5897,1995,815,1029,24.1,8.1,3.3,4.2,3.9,0.031,-2.1,-0.2
"1568",6,468,13675,7463,2003,1180,29.2,15.9,4.3,2.5,17.1,0.06,0.1,7.3
"1569",7,345,10384,5639,1258,1322,30.1,16.3,3.6,3.8,20.8,0.096,0.3,6
"1570",8,292,5338,2206,1366,298,18.3,7.6,4.7,1,6.5,0.058,-2.4,-0.5
"1571",9,416,8409,3035,2524,601,20.2,7.3,6.1,1.4,28.9,0.165,1,6.4
"1573",11,415,11806,5961,3815,1493,28.4,14.4,9.2,3.6,34.6,0.141,1.7,11.1
"1574",12,370,8936,3899,1442,647,24.2,10.5,3.9,1.7,8.3,0.045,-1.8,0.5
"1576",14,256,4817,1795,857,466,18.8,7,3.3,1.8,4.5,0.044,-1.9,0.2
"1579",17,56,579,174,69,78,10.3,3.1,1.2,1.4,-0.3,-0.028,-5.3,-0.5
"1580",18,83,787,342,206,49,9.5,4.1,2.5,0.6,0.4,0.023,-3.7,-0.3
"1581",19,336,7026,3488,825,418,20.9,10.4,2.5,1.2,10.5,0.071,-0.9,2
"1582",20,318,8761,4649,1216,1257,27.6,14.6,3.8,4,11.9,0.065,-0.5,3.3
"1583",21,296,5670,1750,950,533,19.2,5.9,3.2,1.8,4.4,0.038,-2.3,-0.4
"1584",22,70,625,198,70,24,8.9,2.8,1,0.3,-0.1,-0.009,-6.1,-0.7
"1587",25,21,107,47,34,3,5.1,2.2,1.6,0.1,0.1,0.062,-0.6,0
"1589",27,400,11780,6290,2522,1241,29.5,15.7,6.3,3.1,33.3,0.136,1.8,11.1
"1590",28,148,2595,1069,662,152,17.5,7.2,4.5,1,4.4,0.081,-2.3,-0.2
"1591",29,320,8257,3993,1920,1540,25.8,12.5,6,4.8,16.4,0.096,1.8,7.8
"1592",30,199,3035,1117,685,163,15.3,5.6,3.4,0.8,9.3,0.146,-0.9,0.8
"1593",31,107,1299,454,346,47,12.1,4.2,3.2,0.4,3.6,0.131,-2.1,0
"1595",33,183,2186,958,759,78,11.9,5.2,4.1,0.4,6.3,0.139,-1.4,0.3
"1596",34,133,2782,998,223,537,20.9,7.5,1.7,4,0.5,0.008,-3.6,-1.1
"1598",36,333,10052,5159,1398,1596,30.2,15.5,4.2,4.8,24.2,0.116,1.1,7.9
"1600",38,199,3373,760,319,270,16.9,3.8,1.6,1.4,4.4,0.062,-2.8,-0.6
"1604",42,89,1823,643,210,212,20.5,7.2,2.4,2.4,-0.9,-0.025,-5,-1.4
"1607",45,26,136,48,19,17,5.2,1.8,0.7,0.7,0.2,0.087,-0.5,0.1
"1608",46,22,163,48,36,4,7.4,2.2,1.6,0.2,0,-0.001,-6.6,-0.2
"1609",47,243,3099,1175,417,127,12.8,4.8,1.7,0.5,3.8,0.059,-2.3,-0.2
"1611",49,9,32,4,3,2,3.6,0.4,0.3,0.2,-0.1,-0.136,-12.1,-0.1
"1612",50,305,4454,1857,619,248,14.6,6.1,2,0.8,8.1,0.088,-1.1,1
"1614",52,18,91,31,27,2,5.1,1.7,1.5,0.1,0.3,0.132,-0.1,0
"1616",54,58,526,223,59,78,9.1,3.8,1,1.3,-0.4,-0.041,-4.7,-0.4
"1617",55,5,28,12,4,3,5.6,2.4,0.8,0.6,0,-0.006,-8.8,0
"1618",56,25,232,69,52,30,9.3,2.8,2.1,1.2,0,0,-3.3,-0.1
"1620",58,202,2583,926,376,110,12.8,4.6,1.9,0.5,2.8,0.052,-2.6,-0.4
"1622",60,112,1714,566,236,127,15.3,5.1,2.1,1.1,0.1,0.003,-5.2,-1.4
"1623",1,131,3251,1423,425,623,24.8,10.9,3.2,4.8,3.5,0.052,-2,0
"1624",2,252,8187,2995,1447,1563,32.5,11.9,5.7,6.2,11.4,0.067,1,6.3
"1625",3,365,12184,7640,2420,1106,33.4,20.9,6.6,3,35.1,0.138,2.8,14.8
"1626",4,291,6718,3276,1159,534,23.1,11.3,4,1.8,-1.7,-0.012,-3.8,-3.1
"1627",5,322,10325,6148,1138,2005,32.1,19.1,3.5,6.2,15.7,0.073,0.1,5.4
"1628",6,136,3512,1269,741,146,25.8,9.3,5.4,1.1,6.7,0.091,0.2,2
"1629",7,282,8389,4339,1904,354,29.7,15.4,6.8,1.3,16.6,0.095,-0.1,4
"1631",9,216,5152,2317,636,917,23.9,10.7,2.9,4.2,-0.6,-0.005,-2.3,-0.4
"1632",10,182,3193,1099,767,200,17.5,6,4.2,1.1,5.1,0.077,-2.2,-0.2
"1633",11,309,6298,3176,717,627,20.4,10.3,2.3,2,5.6,0.043,-1.9,0.1
"1634",12,297,6973,2966,847,603,23.5,10,2.9,2,14.2,0.098,-0.3,3
"1635",13,345,11637,8234,1433,1542,33.7,23.9,4.2,4.5,29,0.12,2.4,13.1
"1636",14,343,9666,4617,2850,1189,28.2,13.5,8.3,3.5,35.4,0.176,3,12.1
"1637",15,255,4779,1656,637,276,18.7,6.5,2.5,1.1,5.3,0.053,-2.8,-1
"1638",16,22,296,86,60,19,13.5,3.9,2.7,0.9,0.4,0.066,-2.8,-0.1
"1639",17,146,1803,647,452,108,12.3,4.4,3.1,0.7,2.8,0.075,-2.6,-0.3
"1640",18,146,1238,477,283,43,8.5,3.3,1.9,0.3,2.7,0.104,-1.8,0.1
"1641",19,293,8488,4837,2441,455,29,16.5,8.3,1.6,28.1,0.159,1.5,7.4
"1642",20,142,1835,832,543,174,12.9,5.9,3.8,1.2,3,0.079,-2.4,-0.2
"1644",22,341,9062,3945,2964,467,26.6,11.6,8.7,1.4,34.9,0.185,1.7,8.5
"1645",23,301,8060,3144,1246,429,26.8,10.4,4.1,1.4,17.6,0.105,0.1,4.3
"1646",24,26,96,23,18,6,3.7,0.9,0.7,0.2,0.2,0.084,-4.3,-0.1
"1648",26,75,655,169,218,56,8.7,2.3,2.9,0.7,-0.2,-0.015,-6.2,-0.7
"1649",27,342,10399,5336,2116,759,30.4,15.6,6.2,2.2,14.2,0.066,-1,2.7
"1650",28,167,1961,773,718,89,11.7,4.6,4.3,0.5,7.4,0.181,0.2,1.1
"1651",29,263,6807,3027,864,1006,25.9,11.5,3.3,3.8,15.3,0.108,1.1,5.3
"1652",30,296,8071,2918,1701,614,27.3,9.9,5.7,2.1,15.7,0.094,-0.3,3.4
"1653",31,213,3868,1816,390,221,18.2,8.5,1.8,1,2.5,0.031,-3.9,-1.9
"1654",32,79,957,284,153,69,12.1,3.6,1.9,0.9,1.4,0.07,-2.1,0
"1655",33,226,3827,989,555,208,16.9,4.4,2.5,0.9,4.2,0.053,-3.9,-1.8
"1656",34,103,1616,695,204,272,15.7,6.7,2,2.6,1.2,0.035,-2.6,-0.3
"1657",35,85,1237,485,364,86,14.6,5.7,4.3,1,3.2,0.125,-1.7,0.1
"1659",37,284,4111,975,613,126,14.5,3.4,2.2,0.4,5.2,0.061,-3.4,-1.5
"1660",38,161,1937,593,497,201,12,3.7,3.1,1.2,4.9,0.121,0.2,1.1
"1661",39,56,843,237,96,110,15.1,4.2,1.7,2,-0.4,-0.022,-5.4,-0.7
"1662",40,207,4012,1503,537,230,19.4,7.3,2.6,1.1,0.8,0.01,-5.1,-3.1
"1663",41,104,1672,701,243,135,16.1,6.7,2.3,1.3,1,0.03,-3.1,-0.5
"1664",42,170,3425,1733,971,219,20.1,10.2,5.7,1.3,11.6,0.163,1.5,3
"1666",44,213,4242,1594,532,315,19.9,7.5,2.5,1.5,3,0.034,-2.8,-0.9
"1667",45,272,7674,3955,829,546,28.2,14.5,3,2,5.3,0.033,-3.8,-3.5
"1668",46,264,4434,1431,883,266,16.8,5.4,3.3,1,6.5,0.071,-2.1,-0.1
"1670",48,160,1721,401,206,111,10.8,2.5,1.3,0.7,1.1,0.032,-3.1,-0.5
"1673",51,280,7066,2947,655,1042,25.2,10.5,2.3,3.7,18.5,0.125,0.3,4.2
"1674",52,108,1520,619,165,114,14.1,5.7,1.5,1.1,1.9,0.061,-3.2,-0.4
"1675",53,47,640,258,71,109,13.6,5.5,1.5,2.3,1,0.075,-1.2,0.1
"1676",54,20,225,82,37,12,11.3,4.1,1.9,0.6,0.3,0.055,-2.8,0
"1677",55,10,50,14,6,6,5,1.4,0.6,0.6,0,0.017,-3.9,0
"1678",56,13,115,39,19,8,8.8,3,1.5,0.6,0.2,0.098,-3.1,0
"1681",59,27,439,114,98,13,16.3,4.2,3.6,0.5,0.3,0.03,-3.8,-0.2
"1683",1,236,7247,3843,2485,380,30.7,16.3,10.5,1.6,24.6,0.163,1.1,5.7
"1684",2,166,4159,2256,1224,151,25.1,13.6,7.4,0.9,7.3,0.085,-2.1,-0.1
"1686",4,204,5521,3218,1050,240,27.1,15.8,5.1,1.2,12.8,0.112,0,2.8
"1687",5,280,9400,7076,1085,2544,33.6,25.3,3.9,9.1,26.3,0.134,3,11.9
"1688",6,226,4193,1747,1372,201,18.6,7.7,6.1,0.9,10.4,0.119,0.2,2.3
"1689",7,203,5593,2476,1803,404,27.6,12.2,8.9,2,13.6,0.116,-0.7,1.9
"1690",8,218,7179,4356,663,720,32.9,20,3,3.3,5.4,0.036,-2.5,-0.9
"1691",9,212,4010,1638,624,172,18.9,7.7,2.9,0.8,-0.3,-0.004,-4.7,-2.7
"1692",10,309,9661,3483,1212,639,31.3,11.3,3.9,2.1,24.6,0.122,1.1,7.5
"1693",11,243,7724,4421,1088,1040,31.8,18.2,4.5,4.3,17.6,0.109,1.9,7.5
"1694",12,291,8460,3893,1641,656,29.1,13.4,5.6,2.3,16,0.091,-0.2,3.8
"1695",13,113,1604,514,208,131,14.2,4.5,1.8,1.2,-0.1,-0.003,-4.7,-1.1
"1696",14,125,3080,1763,763,133,24.6,14.1,6.1,1.1,9.6,0.15,2.1,3.1
"1697",15,221,4091,1408,836,353,18.5,6.4,3.8,1.6,4.9,0.058,-2,0
"1698",16,13,143,48,15,12,11,3.7,1.2,0.9,0,0.011,-6.1,-0.1
"1699",17,201,4751,1809,933,506,23.6,9,4.6,2.5,9.2,0.093,-0.2,2.2
"1700",18,208,4240,1952,492,330,20.4,9.4,2.4,1.6,2,0.022,-3.2,-1.3
"1701",19,274,8122,3125,958,871,29.6,11.4,3.5,3.2,9.4,0.056,-1.3,1.4
"1702",20,244,5017,1552,712,278,20.6,6.4,2.9,1.1,5.3,0.051,-2.9,-1.2
"1703",21,192,4198,1806,490,285,21.9,9.4,2.6,1.5,8.1,0.092,-0.7,1.4
"1704",22,103,1790,558,376,79,17.4,5.4,3.7,0.8,1.1,0.03,-3.9,-0.9
"1705",23,245,4460,1796,434,588,18.2,7.3,1.8,2.4,4.7,0.051,-2.3,-0.4
"1707",25,196,2963,1474,682,217,15.1,7.5,3.5,1.1,5.9,0.096,-1.4,0.4
"1708",26,262,6094,2354,472,423,23.3,9,1.8,1.6,10.6,0.083,-1.8,0.3
"1709",27,174,3460,1255,1155,249,19.9,7.2,6.6,1.4,18.4,0.255,5.3,6.3
"1710",28,59,622,168,66,54,10.5,2.8,1.1,0.9,-0.6,-0.047,-7.4,-0.8
"1712",30,95,1691,642,413,94,17.8,6.8,4.3,1,2.4,0.068,-1.5,0.2
"1714",32,223,3144,984,386,320,14.1,4.4,1.7,1.4,4.5,0.069,-1.1,0.7
"1715",33,277,6834,3286,843,1034,24.7,11.9,3,3.7,17.3,0.121,0,3.5
"1716",34,240,6708,3080,600,1203,28,12.8,2.5,5,10.1,0.072,-0.4,2.7
"1717",35,32,290,87,28,5,9.1,2.7,0.9,0.2,-0.4,-0.062,-10,-0.6
"1719",37,204,5693,2752,454,287,27.9,13.5,2.2,1.4,9.6,0.081,-0.9,1.6
"1720",38,39,409,160,39,36,10.5,4.1,1,0.9,0.5,0.058,-2.7,-0.1
"1723",41,166,3134,892,1024,175,18.9,5.4,6.2,1.1,9.1,0.14,-0.1,1.5
"1724",42,269,6308,2056,1153,573,23.4,7.6,4.3,2.1,12.7,0.097,-0.9,1.7
"1727",45,207,3917,1748,813,227,18.9,8.4,3.9,1.1,4.9,0.06,-2.3,-0.3
"1728",46,235,4853,1968,843,660,20.7,8.4,3.6,2.8,7.7,0.076,0.5,3.1
"1729",47,220,3745,1451,395,298,17,6.6,1.8,1.4,2.5,0.033,-2.7,-0.7
"1730",48,163,2448,853,490,100,15,5.2,3,0.6,3.5,0.068,-2.4,-0.2
"1731",49,143,2017,869,516,111,14.1,6.1,3.6,0.8,2.1,0.05,-2.3,-0.2
"1732",50,72,538,182,218,31,7.5,2.5,3,0.4,1.3,0.12,-2,0
"1735",53,11,81,20,7,13,7.4,1.8,0.6,1.2,-0.2,-0.116,-6.7,-0.1
"1736",54,178,3713,1731,413,454,20.9,9.7,2.3,2.6,6.9,0.09,-1.8,0.2
"1738",56,16,167,58,52,5,10.4,3.6,3.3,0.3,0.1,0.024,-6.2,-0.2
"1740",58,11,36,18,4,5,3.3,1.6,0.4,0.5,0.1,0.162,1.2,0
"1741",59,5,25,1,6,0,5,0.2,1.2,0,-0.1,-0.225,-17.1,-0.1
"1743",1,85,2694,2187,591,276,31.7,25.7,7,3.2,10.6,0.189,4.9,4.7
"1744",2,187,6016,3961,836,1337,32.2,21.2,4.5,7.1,13.7,0.109,1.9,5.9
"1745",3,198,6632,3469,1101,568,33.5,17.5,5.6,2.9,5.9,0.042,-2.2,-0.3
"1746",4,139,4273,1831,572,224,30.7,13.2,4.1,1.6,2.9,0.033,-3.5,-1.6
"1747",5,181,6044,3142,464,1141,33.4,17.4,2.6,6.3,6.2,0.05,-1.2,1.1
"1748",6,134,2343,890,364,167,17.5,6.6,2.7,1.2,-0.1,-0.002,-4.6,-1.5
"1749",7,195,5505,2672,696,679,28.2,13.7,3.6,3.5,5.6,0.049,-2.5,-0.6
"1750",8,194,3442,1575,831,134,17.7,8.1,4.3,0.7,12.5,0.174,0.2,1.9
"1751",9,147,4184,1913,766,217,28.5,13,5.2,1.5,5.3,0.061,-2.8,-0.8
"1752",10,133,3313,1399,425,170,24.9,10.5,3.2,1.3,1,0.015,-3.1,-0.9
"1753",11,183,4422,1899,659,254,24.2,10.4,3.6,1.4,10.9,0.118,1.1,3.5
"1754",12,187,5481,2202,1071,431,29.3,11.8,5.7,2.3,8,0.07,-0.9,1.6
"1755",13,175,5294,2925,821,568,30.3,16.7,4.7,3.2,7,0.064,-0.6,1.9
"1756",14,98,1424,353,184,47,14.5,3.6,1.9,0.5,1.5,0.052,-2.9,-0.3
"1758",16,115,2882,954,528,219,25.1,8.3,4.6,1.9,3.5,0.058,-0.7,1
"1759",17,158,3064,1467,415,347,19.4,9.3,2.6,2.2,0.6,0.009,-2.7,-0.5
"1762",20,196,4270,939,382,217,21.8,4.8,1.9,1.1,8.8,0.099,1.1,3.3
"1763",21,181,3961,1976,1015,262,21.9,10.9,5.6,1.4,15.4,0.187,2.9,4.9
"1764",22,209,4056,1133,630,210,19.4,5.4,3,1,7.7,0.091,-1.9,0.1
"1766",24,112,1917,795,215,273,17.1,7.1,1.9,2.4,1.8,0.046,-1.9,0
"1767",25,138,2301,802,472,99,16.7,5.8,3.4,0.7,3.4,0.071,-2.3,-0.2
"1768",26,81,972,271,196,67,12,3.3,2.4,0.8,1.3,0.063,-1.7,0.1
"1769",27,51,344,137,71,19,6.7,2.7,1.4,0.4,0.4,0.054,-3.1,-0.1
"1770",28,184,4545,2520,470,537,24.7,13.7,2.6,2.9,6.7,0.071,-1.5,0.6
"1771",29,161,4661,2313,926,294,29,14.4,5.8,1.8,9.3,0.095,-0.8,1.4
"1772",30,137,3904,1878,528,649,28.5,13.7,3.9,4.7,1.1,0.014,-2.7,-0.7
"1773",31,94,1755,688,474,87,18.7,7.3,5,0.9,5.8,0.159,0.3,1
"1774",32,63,717,176,114,34,11.4,2.8,1.8,0.5,0.7,0.047,-5.3,-0.6
"1775",33,72,706,267,79,52,9.8,3.7,1.1,0.7,0.3,0.019,-5.1,-0.5
"1776",34,119,1091,379,331,66,9.2,3.2,2.8,0.6,1.2,0.052,-4.1,-0.6
"1778",36,171,3618,989,604,360,21.2,5.8,3.5,2.1,6,0.079,-1.2,0.7
"1780",38,169,2844,1277,744,118,16.8,7.6,4.4,0.7,11.3,0.19,1.1,2.3
"1782",40,72,542,228,62,40,7.5,3.2,0.9,0.6,0.3,0.024,-3.1,-0.2
"1783",41,158,3085,1552,509,214,19.5,9.8,3.2,1.4,5,0.078,-2.2,-0.1
"1784",42,71,837,245,136,40,11.8,3.5,1.9,0.6,0.4,0.023,-5.5,-0.7
"1785",43,119,1885,963,231,211,15.8,8.1,1.9,1.8,3.7,0.093,-1,0.5
"1786",44,53,328,142,63,18,6.2,2.7,1.2,0.3,0.2,0.031,-3.1,-0.1
"1787",45,109,2384,987,560,178,21.9,9.1,5.1,1.6,4.1,0.083,-1.8,0.1
"1788",46,131,2896,1216,369,346,22.1,9.3,2.8,2.6,3.3,0.054,-2.3,-0.2
"1789",47,64,838,318,122,58,13.1,5,1.9,0.9,0.4,0.024,-4.9,-0.6
"1790",48,189,3942,1443,722,366,20.9,7.6,3.8,1.9,10,0.122,-0.6,1.4
"1791",49,42,272,88,32,24,6.5,2.1,0.8,0.6,0.2,0.03,-5.5,-0.2
"1792",50,37,234,88,47,26,6.3,2.4,1.3,0.7,0.5,0.099,-0.6,0.1
"1793",51,40,407,149,37,85,10.2,3.7,0.9,2.1,0.1,0.012,-3,-0.1
"1794",52,118,2092,775,404,124,17.7,6.6,3.4,1.1,3.4,0.078,-2.8,-0.5
"1795",53,4,45,19,5,7,11.3,4.8,1.3,1.8,0,-0.008,-9,-0.1
"1796",54,4,28,11,7,1,7,2.8,1.8,0.3,-0.1,-0.13,-13,-0.1
"1797",55,53,431,165,53,50,8.1,3.1,1,0.9,0.1,0.006,-4.9,-0.3
"1800",58,80,672,145,108,37,8.4,1.8,1.4,0.5,1,0.07,-2.5,-0.1
"1801",59,6,28,14,14,3,4.7,2.3,2.3,0.5,0,0.043,-9.6,-0.1
"1803",1,144,4780,2925,679,486,33.2,20.3,4.7,3.4,5.1,0.051,-0.4,1.9
"1804",2,39,836,448,226,26,21.4,11.5,5.8,0.7,0.7,0.042,-5,-0.6
"1806",4,88,2405,808,396,114,27.3,9.2,4.5,1.3,3.3,0.067,-2.3,-0.2
"1807",5,134,4154,1234,407,249,31,9.2,3,1.9,5.1,0.059,-3.5,-1.6
"1808",6,98,1593,620,446,71,16.3,6.3,4.6,0.7,6.1,0.184,0,0.8
"1810",8,134,1913,901,406,106,14.3,6.7,3,0.8,5.5,0.137,1,1.5
"1812",10,78,1081,523,344,28,13.9,6.7,4.4,0.4,2.9,0.127,-1.3,0.2
"1813",11,133,2993,1213,480,192,22.5,9.1,3.6,1.4,4.8,0.077,-0.9,0.8
"1814",12,135,4441,1934,484,937,32.9,14.3,3.6,6.9,10.5,0.114,2.1,4.6
"1815",13,78,1245,484,110,173,16,6.2,1.4,2.2,0.7,0.028,-3.6,-0.5
"1816",14,98,1243,414,216,45,12.7,4.2,2.2,0.5,1.5,0.058,-3.7,-0.5
"1817",15,112,3332,1667,569,561,29.8,14.9,5.1,5,1.6,0.023,-2,0
"1818",16,139,3271,1126,1070,141,23.5,8.1,7.7,1,7.4,0.109,-2.3,-0.2
"1820",18,106,1484,420,239,107,14,4,2.3,1,2.9,0.093,-1.8,0.1
"1821",19,152,4613,2178,759,328,30.3,14.3,5,2.2,7.3,0.075,-0.4,1.9
"1822",20,134,2462,968,681,111,18.4,7.2,5.1,0.8,3.8,0.075,-3,-0.7
"1823",21,136,3585,1799,344,441,26.4,13.2,2.5,3.2,9.2,0.123,0,1.9
"1824",22,83,1095,406,212,27,13.2,4.9,2.6,0.3,2.7,0.116,-2.1,0
"1827",25,142,3045,1613,384,402,21.4,11.4,2.7,2.8,7.5,0.118,0.5,1.9
"1828",26,137,2269,952,292,259,16.6,6.9,2.1,1.9,5.6,0.118,0.4,1.4
"1830",28,133,3314,1074,525,150,24.9,8.1,3.9,1.1,3.9,0.056,-3.2,-1
"1831",29,91,1465,542,179,207,16.1,6,2,2.3,1.8,0.06,-2.2,-0.1
"1832",30,144,3785,2009,544,326,26.3,14,3.8,2.3,10.1,0.129,1.3,3.2
"1833",31,13,59,13,6,6,4.5,1,0.5,0.5,0,-0.035,-4.8,0
"1834",32,26,159,66,39,2,6.1,2.5,1.5,0.1,0.2,0.066,-6.5,-0.2
"1835",33,33,188,63,53,10,5.7,1.9,1.6,0.3,0.3,0.086,-5.2,-0.2
"1837",35,112,1786,642,417,137,15.9,5.7,3.7,1.2,4.6,0.125,0.2,1
"1838",36,18,71,18,19,3,3.9,1,1.1,0.2,0,-0.033,-9.5,-0.1
"1840",38,85,1385,475,184,281,16.3,5.6,2.2,3.3,2.4,0.083,-1.3,0.2
"1841",39,54,498,157,67,28,9.2,2.9,1.2,0.5,-0.4,-0.039,-6.4,-0.5
"1842",40,25,87,27,27,5,3.5,1.1,1.1,0.2,-0.1,-0.077,-7.7,-0.1
"1843",41,106,1417,507,176,272,13.4,4.8,1.7,2.6,3.3,0.11,-1,0.3
"1844",42,68,430,165,97,15,6.3,2.4,1.4,0.2,1,0.111,-3.5,-0.2
"1845",43,32,228,100,23,13,7.1,3.1,0.7,0.4,-0.1,-0.023,-5.9,-0.2
"1847",45,92,1459,658,281,66,15.9,7.2,3.1,0.7,1,0.033,-3.6,-0.6
"1848",46,88,1366,407,259,97,15.5,4.6,2.9,1.1,0.5,0.018,-5.2,-1.1
"1850",48,30,364,123,46,70,12.1,4.1,1.5,2.3,0.2,0.029,-3.9,-0.2
"1851",49,96,992,351,92,55,10.3,3.7,1,0.6,1.1,0.052,-4,-0.5
"1852",50,61,489,204,60,47,8,3.3,1,0.8,1.1,0.104,0.1,0.3
"1855",53,29,137,55,10,19,4.7,1.9,0.3,0.7,0.1,0.051,-4.9,-0.1
"1856",54,33,248,88,39,5,7.5,2.7,1.2,0.2,0,-0.006,-7.9,-0.4
"1857",55,22,205,84,30,9,9.3,3.8,1.4,0.4,-0.1,-0.028,-7.3,-0.3
"1859",57,36,398,170,120,26,11.1,4.7,3.3,0.7,0.4,0.048,-5.5,-0.3
"1860",58,64,479,204,153,28,7.5,3.2,2.4,0.4,1.9,0.193,1,0.4
"1861",59,13,172,96,18,17,13.2,7.4,1.4,1.3,0.3,0.079,0.3,0.1
"1862",60,36,291,114,37,25,8.1,3.2,1,0.7,0.5,0.088,-1.9,0
"1863",1,64,2088,1114,354,356,32.6,17.4,5.5,5.6,-0.5,-0.011,-1.6,0.2
"1865",3,69,2331,1034,570,174,33.8,15,8.3,2.5,5.2,0.107,0.6,1.5
"1866",4,74,2617,1134,557,256,35.4,15.3,7.5,3.5,6.6,0.122,0.9,1.9
"1867",5,48,1307,564,171,209,27.2,11.8,3.6,4.4,-1.6,-0.06,-5.6,-1.2
"1870",8,79,2429,1197,356,231,30.7,15.2,4.5,2.9,4,0.079,-0.7,0.8
"1871",9,75,2076,861,166,313,27.7,11.5,2.2,4.2,0.1,0.003,-3.8,-0.9
"1872",10,62,1346,501,129,65,21.7,8.1,2.1,1,2.2,0.08,-3,-0.3
"1873",11,31,304,142,52,26,9.8,4.6,1.7,0.8,0,0.001,-7.1,-0.4
"1874",12,50,965,288,113,81,19.3,5.8,2.3,1.6,0,0.001,-5,-0.7
"1875",13,55,1541,720,226,114,28,13.1,4.1,2.1,0.9,0.029,-2.3,-0.1
"1876",14,52,607,228,80,23,11.7,4.4,1.5,0.4,1.3,0.101,-2.5,-0.1
"1877",15,77,1801,634,209,85,23.4,8.2,2.7,1.1,2.3,0.061,-2.3,-0.1
"1879",17,62,864,334,147,38,13.9,5.4,2.4,0.6,1.9,0.104,-1.2,0.2
"1880",18,60,1367,625,171,91,22.8,10.4,2.9,1.5,0.1,0.002,-4.3,-0.8
"1881",19,21,63,22,11,4,3,1,0.5,0.2,0,0.009,-6.6,-0.1
"1882",20,22,120,52,26,3,5.5,2.4,1.2,0.1,0,0.013,-4.9,-0.1
"1883",21,37,697,267,81,76,18.8,7.2,2.2,2.1,-0.5,-0.031,-5.9,-0.7
"1884",22,36,541,297,149,10,15,8.3,4.1,0.3,1.4,0.126,-1.5,0.1
"1886",24,74,1334,587,186,150,18,7.9,2.5,2,0.3,0.01,-3.5,-0.5
"1887",25,46,786,275,94,44,17.1,6,2,1,1.4,0.087,-0.3,0.3
"1888",26,69,1310,698,188,191,19,10.1,2.7,2.8,2.4,0.088,-0.4,0.5
"1889",27,67,1176,570,161,78,17.6,8.5,2.4,1.2,0.8,0.033,-3.4,-0.4
"1891",29,32,391,198,160,17,12.2,6.2,5,0.5,1.2,0.152,-2.8,-0.1
"1892",30,32,360,132,87,21,11.3,4.1,2.7,0.7,0.3,0.044,-5.7,-0.3
"1894",32,49,1087,366,274,49,22.2,7.5,5.6,1,1.5,0.065,-2.2,-0.1
"1897",35,78,2335,742,296,167,29.9,9.5,3.8,2.1,4.6,0.096,-0.5,0.9
"1898",36,40,372,89,42,41,9.3,2.2,1.1,1,0.2,0.032,-4.5,-0.2
"1899",37,33,262,67,43,19,7.9,2,1.3,0.6,0.3,0.058,-3,-0.1
"1900",38,77,2110,679,214,256,27.4,8.8,2.8,3.3,3,0.069,-2,0
"1902",40,42,360,161,45,63,8.6,3.8,1.1,1.5,0.4,0.057,-1.6,0
"1903",41,29,205,61,14,9,7.1,2.1,0.5,0.3,0.1,0.035,-3.9,-0.1
"1904",42,19,383,121,57,21,20.2,6.4,3,1.1,0.7,0.085,-1.5,0
"1905",43,48,640,225,135,35,13.3,4.7,2.8,0.7,0.4,0.029,-4.7,-0.4
"1906",44,48,987,284,172,31,20.6,5.9,3.6,0.6,0.6,0.031,-3.8,-0.5
"1908",46,64,696,205,124,99,10.9,3.2,1.9,1.5,0.4,0.03,-3.1,-0.2
"1913",51,51,760,343,111,51,14.9,6.7,2.2,1,0.4,0.026,-3.3,-0.3
"1914",52,32,389,186,100,20,12.2,5.8,3.1,0.6,0.8,0.093,-2.5,-0.1
"1915",53,23,168,69,62,7,7.3,3,2.7,0.3,0.8,0.22,1.9,0.2
"1916",54,41,407,154,82,22,9.9,3.8,2,0.5,1.1,0.135,-0.3,0.2
"1917",55,50,1209,416,178,68,24.2,8.3,3.6,1.4,1.2,0.048,-4.3,-0.7
